category,context,instruction,unoptimized_instruction
brainstorming,,What are the best selling albums of all time? Give me the list with the name of the artist and the name of the album,
closed_qa,"Elemental magnesium is a gray-white lightweight metal, two-thirds the density of aluminium. Magnesium has the lowest melting (923 K (650 °C)) and the lowest boiling point 1,363 K (1,090 °C) of all the alkaline earth metals.","Given this paragraph about magnesium, what is the melting point of magnesium in celsius?",
general_qa,,How do I pick the best bananas?,
information_extraction,"Demond ""Bob"" Sanders (born February 24, 1981) is an American former professional football player who was a safety in the National Football League (NFL) for eight seasons. He played college football for the Iowa Hawkeyes and was drafted by the Indianapolis Colts in the second round of the 2004 NFL Draft. He was named NFL Defensive Player of the Year in 2007 and also played for the San Diego Chargers in his final season in 2011.

Sanders was nicknamed ""The Sandman"" because of his hard hits and tackles, and was also called ""The Eraser"" by former Colts' coach Tony Dungy because of his tendency to erase the mistakes of his teammates. He spent the majority of his career battling injuries, having played more than six games in a single season only twice, in 2005 and 2007.","Extract the teams that Bob Sanders played throughout his career, and put them in a comma-separated list.",
open_qa,,Who was the 27th president of the United States of America?,
summarization,"The Wimbledon Championships, commonly known simply as Wimbledon, is the oldest tennis tournament in the world and is widely regarded as the most prestigious. It has been held at the All England Club in Wimbledon, London, since 1877 and is played on outdoor grass courts, with retractable roofs over the two main courts since 2019.",What are the Wimbledon Championships?,
classification,,"Classify each of the following as characters from books J.K. Rowling has written or books that Suzanne Collins has written: Peeta Mellark, Katness Everdeen, Effie Trinket, Seneca Crane, Lucy Gray, Cinna, Harry Potter, Severus Snape, Hermione Granger, Albus Dumbledore",
closed_qa,"Mickey Mouse is an animated cartoon character co-created in 1928 by Walt Disney and Ub Iwerks. The longtime mascot of The Walt Disney Company, Mickey is an anthropomorphic mouse who typically wears red shorts, large yellow shoes, and white gloves. Taking inspiration from silent film personalities such as Charlie Chaplin's Tramp, Mickey is traditionally characterized as a sympathetic underdog who gets by on pluck and ingenuity. The character’s status as a small mouse is personified through his diminutive stature and falsetto voice, the latter of which was originally provided by Disney. Mickey is one of the world's most recognizable and universally acclaimed fictional characters of all time.",Who is Micky Mouse?,
information_extraction,"In 2018, Butler County Community College created The Shaffer School of Nursing and Allied Health after Shaffer donated $1 million to the school.",How much did Shaffer donate?,
open_qa,,What is a piano?,
open_qa,,What is the meaning of the information age,
closed_qa,"Silvio Micali (born October 13, 1954) is an Italian computer scientist, professor at the Massachusetts Institute of Technology and the founder of Algorand, a proof-of-stake blockchain cryptocurrency protocol. Micali's research at the MIT Computer Science and Artificial Intelligence Laboratory centers on cryptography and information security.

In 2012, he received the Turing Award for his work in cryptography along with Shafi Goldwasser for their work on zero-knowledge proofs.",Who is Silvio Micali?,
summarization,"The J programming language, developed in the early 1990s by Kenneth E. Iverson and Roger Hui, is an array programming language based primarily on APL (also by Iverson).

To avoid repeating the APL special-character problem, J uses only the basic ASCII character set, resorting to the use of the dot and colon as inflections to form short words similar to digraphs. Most such primary (or primitive) J words serve as mathematical symbols, with the dot or colon extending the meaning of the basic characters available. Also, many characters which in other languages often must be paired (such as [] {} """" `` or <>) are treated by J as stand-alone words or, when inflected, as single-character roots of multi-character words.",How does the J programming language improve upon the syntax of APL?,
brainstorming,,What are some places to visit in Anchorage?,
closed_qa,"Akins graduated from Union Grove High School in McDonough, Georgia. He earned All-State honors as both a junior and senior, as well as All-Conference as a sophomore. He committed and signed to play football for the UCF Knights, choosing the Knights over schools such as LSU and Georgia. However, after being drafted by the Texas Rangers in the third round of the 2010 MLB Draft, he chose to pursue a baseball career instead of attending UCF and signed with the Rangers. Akins struggled in the minor leagues, hitting .218 over four seasons and never rising above high-A ball. He retired from baseball after the 2013 season and returned to play football at UCF.",What did Jordan Akins do after retiring from baseball?,
brainstorming,,Let's think of a two different methods to learn how to skateboard,
open_qa,,What do you know about the city of Aberdeen in Scotland?,
general_qa,,"In the United States of America, which state is the largest in size?",
classification,,"Identify from this list which are Crayola crayon colors: banana biscuits, razzle dazzle rose, whoopsie daisies, purple pizzazz, carnation pink, cotton candy, unmellow yellow, macaroni and cheese, coffee table blue, craisin, aquamarine, jazzberry jam, sea green",
classification,,"Classify these technologies as frontend or backend oriented: React, Kafka, MySQL, JavaScript, gRPC, SQL, Prometheus, Android, Swift, Redis, JDBC",
summarization,"Trump lost the 2020 presidential election to Joe Biden but refused to concede defeat, falsely claiming widespread electoral fraud and attempting to overturn the results by pressuring government officials, mounting scores of unsuccessful legal challenges, and obstructing the presidential transition. On January 6, 2021, Trump urged his supporters to march to the U.S. Capitol, which many of them then attacked, resulting in multiple deaths and interrupting the electoral vote count.",Did Trump lose the 2020 presidential election?,
classification,,"classify each of the following as either a city or a county: usa, mexico, cananda, syracuse, austin, mumbai, japan, tokyo",
classification,,"Which characters belong to DC or Marvel Universe? Electro, Black Lightning",
open_qa,,Name some popular breakfast foods in the United States,
brainstorming,,What items can be easily composted at home?,
information_extraction,"Eudaronia is a genus of sea snails, marine gastropod mollusks in the family Eudaroniidae within the superfamily Seguenzioidea.",Extract the family that Eudaronia is part of from the text.,
information_extraction,"Sponsorship

Like the FIFA World Cup, the UEFA Champions League is sponsored by a group of multinational corporations, in contrast to the single main sponsor typically found in national top-flight leagues. When the Champions League was created in 1992, it was decided that a maximum of eight companies should be allowed to sponsor the event, with each corporation being allocated four advertising boards around the perimeter of the pitch, as well as logo placement at pre- and post-match interviews and a certain number of tickets to each match. This, combined with a deal to ensure tournament sponsors were given priority on television advertisements during matches, ensured that each of the tournament's main sponsors was given maximum exposure.

From the 2012–13 knockout phase, UEFA used LED advertising hoardings installed in knock-out participant stadiums, including the final stage. From the 2015–16 season onwards, UEFA has used such hoardings from the play-off round until the final.

The tournament's main sponsors for the 2021–24 cycle are:

Oppo
FedEx
Turkish Airlines
Heineken N.V.
Heineken (except Albania, Azerbaijan, Bosnia and Herzegovina, France, Kazakhstan, Kosovo, Norway and Turkey)
Heineken Silver
Just Eat Takeaway
10bis (Israel only)
Menulog (Australasia only)
Bistro (Slovakia only)
Just Eat
Denmark
France
Ireland
Italy
Spain
Switzerland
United Kingdom
Lieferando (Germany and Austria only)
Pyszne (Poland only)
Grubhub and Seamless (United States only)
SkipTheDishes (Canada only)
Takeaway (Belgium, Bulgaria and Luxembourg only)
Thuisbezorgd (Netherlands only)
Mastercard
PepsiCo
Pepsi
Pepsi Max
Gatorade
Lay's (except Australasia, Balkan states, Turkey, Ireland and the United Kingdom)
Smith's (Australasia only)
Walkers (United Kingdom and Ireland only)
Ruffles (Turkey only)
Chipsy (Croatia, Albania, Serbia, Montenegro, Bosnia and Herzegovina, Kosovo and North Macedonia only)
Rockstar
Sony
PlayStation 5
Socios.com (United States only)
Adidas is a secondary sponsor and supplies the official match ball, the Adidas Finale, and Macron supplies the referees' kit. Hublot is also a secondary sponsor as the official fourth official board of the competition.

Individual clubs may wear jerseys with advertising. However, only two sponsorships are permitted per jersey in addition to that of the kit manufacturer, at the chest and the left sleeve. Exceptions are made for non-profit organisations, which can feature on the front of the shirt, incorporated with the main sponsor or in place of it; or on the back, either below the squad number or on the collar area.

If a club plays a match in a nation where the relevant sponsorship category is restricted (such as France's alcohol advertising restriction), then they must remove that logo from their jerseys. For example, when Rangers played French side Auxerre in the 1996–97 Champions League, they wore the logo of Center Parcs instead of McEwan's Lager (both companies at the time were subsidiaries of Scottish & Newcastle).",Do any airlines sponsor the UEFA Champions League (as of 2023)?,
open_qa,,What is the difference between a Fender Strat and Gibson Les Paul guitar?,
closed_qa,"Pasteur married Marie Pasteur (née Laurent) in 1849. She was the daughter of the rector of the University of Strasbourg, and was Pasteur's scientific assistant. They had five children together, three of whom died as children. Their eldest daughter, Jeanne, was born in 1850. She died from typhoid fever, aged 9, whilst at the boarding school Arbois in 1859. In 1865, 2-year-old Camille died of a liver tumour. Shortly after they decided to bring Cécile home from boarding school, but she too died of typhoid fever on 23 May 1866 at the age of 12. Only Jean Baptiste (b. 1851) and Marie Louise (b. 1858) survived to adulthood. Jean Baptiste would be a soldier in the Franco-Prussian War between France and Prussia.","How many children did Louis Pasteur have, and how many died of typhoid fever?",
brainstorming,,"Provide a list of ten countries that don't have any ocean borders, in alphabetical order.",
creative_writing,,"I am going to Stockholm over the weekend, what should I do? I love going to museums and being in nature!",
classification,,"Which of these books won a Pulitzer Prize for fiction? The Road, Lonesome Dove, Ender's Game, Avator the Lost Adventures, Prodigal Summer, The Joy Luck Club, Cloudsplitter, Blink, The Dancer Upstairs, The Known World, Millhauser, All the Light We Cannot See, and Age of Iron,",
brainstorming,,Are universities becoming obsolete ?,
brainstorming,,"Give me a list of the best animals one can have for a pet, starting with the best pet first.",
brainstorming,,How can I have a productive day?,
classification,,"Which one among the following three words is different to the others: Novelty, Playful, Irresistible? Why?",
general_qa,,Can AI take my job,
classification,,"Map the following models sold in the UK to either the Ford or Vauxhall brands: Escort, Cavalier, Nova, Ka",
general_qa,,What's the best baseball team?,
brainstorming,,Give me a list of the most famous tech companies in the world,
brainstorming,,Give me a list of things to buy a 12 year old boy,
creative_writing,,Why I want to visit Chicago,
classification,,"Is this a list of universities or companies: Alphabet, Microsoft, Dell, John Deere, and JP Morgan Chase?",
closed_qa,"Moore's law is the observation that the number of transistors in an integrated circuit (IC) doubles about every two years. Moore's law is an observation and projection of a historical trend. Rather than a law of physics, it is an empirical relationship linked to gains from experience in production. The observation is named after Gordon Moore, the co-founder of Fairchild Semiconductor and Intel (and former CEO of the latter), who in 1965 posited a doubling every year in the number of components per integrated circuit, and projected this rate of growth would continue for at least another decade. In 1975, looking forward to the next decade, he revised the forecast to doubling every two years, a compound annual growth rate (CAGR) of 41%. While Moore did not use empirical evidence in forecasting that the historical trend would continue, his prediction held since 1975 and has since become known as a ""law"". Moore's prediction has been used in the semiconductor industry to guide long-term planning and to set targets for research and development, thus functioning to some extent as a self-fulfilling prophecy. Advancements in digital electronics, such as the reduction in quality-adjusted microprocessor prices, the increase in memory capacity (RAM and flash), the improvement of sensors, and even the number and size of pixels in digital cameras, are strongly linked to Moore's law. These ongoing changes in digital electronics have been a driving force of technological and social change, productivity, and economic growth. Industry experts have not reached a consensus on exactly when Moore's law will cease to apply. Microprocessor architects report that semiconductor advancement has slowed industry-wide since around 2010, slightly below the pace predicted by Moore's law. In September 2022 Nvidia CEO Jensen Huang considered Moore's law dead, while Intel CEO Pat Gelsinger was of the opposite view.",Is Moore's law still viable?,
brainstorming,,What are the benefits of working with a coach?,
closed_qa,"A low-flow fixture is a water saving plumbing fixture designed to achieve water savings by having a lower flow rate of water or a smaller quantity per flush. Some of these low-flow fixtures are faucets, showerheads, and toilets. In the United States a maximum water usage of conventional plumbing fixtures was federally mandated by the Energy policy act of 1992. Low-flow fixtures are designed to save water over conventional fixtures by having a lower flow rate while still maintaining satisfactory performance. The Environmental protection agency (EPA) WaterSense program has requirements for plumbing fixtures to achieve their definition for water saving low-flow.",When did the maximum rate of water usage begin to be mandated?,
brainstorming,,What are 5 really good golf ball brands for amateur players,
open_qa,,Who was General Sir Henry Clinton,
summarization,"The term derives from studies of modalities of resistance by the Subaltern Studies school, but reflects concerns pervasive from the earliest days of post- and anti-colonial writing. Ranajit Guha refers to inversion as one of the modalities of peasant revolt in colonial India, noting practices such as forcing landlords to carry peasants on Sedan chairs. Frantz Fanon's The Wretched of the Earth (1961) provides an extensive discussion and partial advocacy of inversion in a social context defined by strong binaries. A reversal of the coloniser's monopoly on violence is taken to be necessary to break out of the master–slave dialectic, a learnt sense of cultural inferiority and the learned helplessness of the colonised. The term ""inversion woodcuts"" also appears in peasant studies as a description of imagery such as an ox killing a butcher (e.g. James Scott, Domination and the Arts of Resistance, 166-72).

The term has become useful as a way of theorising violence. Definitions of terms such as racism and sexism are contested, and theorists who use structural or institutional definitions thus refuse to typify actions against members of structurally dominant groups by structurally subordinate groups, or prejudicial beliefs against members of dominant groups, with these terms. Actions such as Palestinian suicide bombing, the 9/11 attacks, land reform in Zimbabwe, the writings and actions of Valerie Solanas and SCUM, and what are treated by the state as racially motivated crimes against white people, would be examples of cases where the term would be used. Ward Churchill's essay On the Justice of Roosting Chickens is an example of this kind of analysis from an author sympathetic to inversion.

Attaching positive values to an essence of the oppressed, as in some black-consciousness and Afrocentric ideas, would also be an instance of inversion, especially to critics. Edward Said argues against this inversion, suggesting that ""in Post-colonial national states, the liabilities of such essences as the Celtic spirit, négritude, or Islam are clear: they have much to do not only with the native manipulators, who also use them to cover up contemporary faults, corruptions, tyrannies, but also with the embattled imperial contexts out of which they came and in which they were felt to be necessary"" (Culture and Imperialism  16).",Tell me about the inversion in postcolonial theory,
classification,,"Classify these as healthy or not healthy food options or not a food: french fries, KFC, apple, fruit salad, steak, beer, wine, whisky, potato chips, baked cauliflower, wrench, gravel, McDonald's, Turkish kebab, pear, bricks, aloe vera, sand.",
open_qa,,What is the smallest country in the world?,
summarization,"Cesar Chavez (born Cesario Estrada Chavez /ˈtʃɑːvɛz/; Spanish: [ˈt͡ʃaβes]; March 31, 1927 – April 23, 1993) was an American labor leader and civil rights activist. Along with Dolores Huerta, he co-founded the National Farm Workers Association (NFWA), which later merged with the Agricultural Workers Organizing Committee (AWOC) to become the United Farm Workers (UFW) labor union. Ideologically, his world-view combined leftist politics with Catholic social teachings.

Born in Yuma, Arizona to a Mexican American family, Chavez began his working life as a manual laborer before spending two years in the United States Navy. Relocating to California, where he married, he got involved in the Community Service Organization (CSO), through which he helped laborers register to vote. In 1959, he became the CSO's national director, a position based in Los Angeles. In 1962, he left the CSO to co-found the NFWA, based in Delano, California, through which he launched an insurance scheme, a credit union, and the El Malcriado newspaper for farmworkers. Later that decade he began organizing strikes among farmworkers, most notably the successful Delano grape strike of 1965–1970. Amid the grape strike his NFWA merged with Larry Itliong's AWOC to form the UFW in 1967. Influenced by the Indian independence leader Mahatma Gandhi, Chavez emphasized direct but nonviolent tactics, including pickets and boycotts, to pressure farm owners into granting strikers' demands. He imbued his campaigns with Roman Catholic symbolism, including public processions, masses, and fasts. He received much support from labor and leftist groups but was monitored by the Federal Bureau of Investigation (FBI).

In the early 1970s, Chavez sought to expand the UFW's influence outside California by opening branches in other U.S. states. Viewing illegal immigrants as a major source of strike-breakers, he also pushed a campaign against illegal immigration into the U.S., which generated violence along the U.S.-Mexico border and caused schisms with many of the UFW's allies. Interested in co-operatives as a form of organization, he established a remote commune at Keene. His increased isolation and emphasis on unrelenting campaigning alienated many California farmworkers who had previously supported him and by 1973 the UFW had lost most of the contracts and membership it won during the late 1960s. His alliance with California Governor Jerry Brown helped ensure the passing of the California Agricultural Labor Relations Act of 1975, although the UFW's campaign to get its measures enshrined in California's constitution failed. Influenced by the Synanon religious organization, Chavez re-emphasized communal living and purged perceived opponents. Membership of the UFW dwindled in the 1980s, with Chavez refocusing on anti-pesticide campaigns and moving into real-estate development, generating controversy for his use of non-unionized laborers.

A controversial figure, UFW critics raised concerns about Chavez's autocratic control of the union, the purges of those he deemed disloyal, and the personality cult built around him, while farm-owners considered him a communist subversive. He became an icon for organized labor and leftist groups in the U.S. and posthumously became a ""folk saint"" among Mexican Americans. His birthday is a federal commemorative holiday in several U.S. states, while many places are named after him, and in 1994 he posthumously received the Presidential Medal of Freedom.",Without quoting directly from the text give me a summary of Cesar Chavez greatest achievements.,
general_qa,,What is a skiff?,
general_qa,,Why was there a storm in San Francisco last week?,
closed_qa,"Adventfjorden (Advent Bay) is a 7 km long and 4 km wide bay running south-eastwards from the southern side of Isfjorden, on the west coast of Spitsbergen in Svalbard. The name represents a corruption of Adventure Bay - probably named after the Hull-built whaleship Adventure, which operated in Isfjorden in 1656. The fjord was originally[when?] known as Klass Billen Bay. At the head of Adventfjorden is Adventdalen (Advent Valley).

The former mining-camp of Longyearbyen (now Svalbard's main town) lies on the fjord's southwestern shore, while another former mining-camp, Hiorthhamn, is located on its northeastern shore.","Given a reference text about Adventfjorden, how wide and long is it?",
open_qa,,Why do we have car registrations,
classification,,"Tell me whether each of these countries is north or south of the equator: Finland, Canada, South Africa, Iceland, Germany, Uruguay, Zimbabwe",
closed_qa,"In football, ""The Invincibles"" is a nickname used to refer to the Preston North End team of the 1888–89 season, managed by William Sudell, and the Arsenal team of the 2003–04 season managed by Arsène Wenger.  Preston North End earned the nickname after completing an entire season undefeated in league and cup competition (27 games), while Arsenal were undefeated in the league (38 games) in a run that stretched to a record 49 games. The actual nickname of the Preston team was the ""Old Invincibles"" but both versions have been in use.",Who is known as The Invincibles in English football?,
open_qa,,Which are the earliest ancestors of Native Americans?,
general_qa,,Who finally conquered Constantinople?,
brainstorming,,What are some dishes that avocados can be used in?,
closed_qa,"Attack on Titan (Japanese: 進撃の巨人, Hepburn: Shingeki no Kyojin, lit. 'The Advancing Giant') is a Japanese manga series written and illustrated by Hajime Isayama. It is set in a world where humanity is forced to live in cities surrounded by three enormous walls that protect them from gigantic man-eating humanoids referred to as Titans; the story follows Eren Yeager, who vows to exterminate the Titans after they bring about the destruction of his hometown and the death of his mother. It was serialized in Kodansha's monthly magazine Bessatsu Shōnen Magazine from September 2009 to April 2021, with its chapters collected in 34 tankōbon volumes.",What are the titans?,
open_qa,,How do sailplanes (gliders) stay aloft?,
summarization,"Seattle is located between the saltwater Puget Sound (an arm of the Pacific Ocean) to the west and Lake Washington to the east. The city's chief harbor, Elliott Bay, is part of Puget Sound, which makes the city an oceanic port. To the west, beyond Puget Sound, are the Kitsap Peninsula and Olympic Mountains on the Olympic Peninsula; to the east, beyond Lake Washington and the Eastside suburbs, are Lake Sammamish and the Cascade Range. Lake Washington's waters flow to Puget Sound through the Lake Washington Ship Canal (consisting of two man-made canals, Lake Union, and the Hiram M. Chittenden Locks at Salmon Bay, ending in Shilshole Bay on Puget Sound).[citation needed]

The sea, rivers, forests, lakes, and fields surrounding Seattle were once rich enough to support one of the world's few sedentary hunter-gatherer societies. The surrounding area lends itself well to sailing, skiing, bicycling, camping, and hiking year-round.

The city itself is hilly, though not uniformly so. Like Rome, the city is said to lie on seven hills; the lists vary but typically include Capitol Hill, First Hill, West Seattle, Beacon Hill, Queen Anne, Magnolia, and the former Denny Hill. The Wallingford, Delridge, Mount Baker, Seward Park, Washington Park, Broadmoor, Madrona, Phinney Ridge, Sunset Hill, Blue Ridge, Broadview, Laurelhurst, Hawthorne Hills, Maple Leaf, and Crown Hill neighborhoods are all located on hills as well. Many of the hilliest areas are near the city center, with Capitol Hill, First Hill, and Beacon Hill collectively constituting something of a ridge along an isthmus between Elliott Bay and Lake Washington. The break in the ridge between First Hill and Beacon Hill is man-made, the result of two of the many regrading projects that reshaped the topography of the city center. The topography of the city center was also changed by the construction of a seawall and the artificial Harbor Island (completed 1909) at the mouth of the city's industrial Duwamish Waterway, the terminus of the Green River. The highest point within city limits is at High Point in West Seattle, which is roughly located near 35th Ave SW and SW Myrtle St. Other notable hills include Crown Hill, View Ridge/Wedgwood/Bryant, Maple Leaf, Phinney Ridge, Mt. Baker Ridge, and Highlands/Carkeek/Bitterlake.[citation needed]

North of the city center, Lake Washington Ship Canal connects Puget Sound to Lake Washington. It incorporates four natural bodies of water: Lake Union, Salmon Bay, Portage Bay, and Union Bay.[citation needed]

Due to its location in the Pacific Ring of Fire, Seattle is in a major earthquake zone. On February 28, 2001, the magnitude 6.8 Nisqually earthquake did significant architectural damage, especially in the Pioneer Square area (built on reclaimed land, as are the Industrial District and part of the city center), and caused one fatality. Other strong quakes occurred on January 26, 1700 (estimated at 9 magnitude), December 14, 1872 (7.3 or 7.4), April 13, 1949 (7.1), and April 29, 1965 (6.5). The 1965 quake caused three deaths in Seattle directly and one more by heart failure. Although the Seattle Fault passes just south of the city center, neither it nor the Cascadia subduction zone has caused an earthquake since the city's founding. The Cascadia subduction zone poses the threat of an earthquake of magnitude 9.0 or greater, capable of seriously damaging the city and collapsing many buildings, especially in zones built on fill.

According to the United States Census Bureau, the city has a total area of 142.5 square miles (369 km2), 83.9 square miles (217 km2) of which is land and 58.7 square miles (152 km2), water (41.16% of the total area).[citation needed]","Based on this excerpt, what are the main topological elements of Seattle, Washington?",
brainstorming,,What are the top five brands of guitars?,
closed_qa,"They hold the highest number of FA Cup trophies, with 14. The club is one of only six clubs to have won the FA Cup twice in succession, in 2002 and 2003, and 2014 and 2015. Arsenal have achieved three League and FA Cup ""Doubles"" (in 1971, 1998 and 2002), a feat only previously achieved by Manchester United (in 1994, 1996 and 1999). They were the first side in English football to complete the FA Cup and League Cup double, in 1993. Arsenal were also the first London club to reach the final of the UEFA Champions League, in 2006, losing the final 2–1 to Barcelona.",Which English football club has won the most FA Cup trophies?,
information_extraction,"There have been minor changes to the uniform design throughout the years, such as changing the silver stripe patterns on the jersey sleeves, and changing the colors of the jersey numbers. ""TV numbers"", which are auxiliary uniform numbers to help TV broadcasters identify players from the line of scrimmage, were added to the jersey sleeves in 1956. White trim was added to the logo in 1970, with outlines (white on the blue jersey, silver on the white jersey) added to the numbers in 1972; the color arrangement on the numbers on the blue jerseys was reversed in 1982. The silver facemasks became blue in 1984. In 1998, the team wore blue pants with their white jerseys along with grey socks but dropped that combination after the season. In 1999, the ""TV numbers"" on the sleeves were moved to the shoulders.",Provide bulleted list of the years mentioned and what happened in that year in the format {Year}--{What happened},
brainstorming,,What are six different corporations with orange logos?,
summarization,"The COVID-19 pandemic affected the scheduling of the match in 2020 and 2021, as outbreaks of the virus in Melbourne during finals precluded unrestricted travel and mass gatherings in Victoria. In 2020, when most of the league's clubs had been relocated to Queensland for the majority of the season, the grand final was played at the Gabba in Brisbane, the first time it had been played outside Victoria. It was also played at night, the first time it was not played in the afternoon time slot. The following season, it was played at Optus Stadium in Perth in a twilight timeslot",In which cities was the AFL Grand Final played during COVID-19 ?,
classification,,"Which of the following drinks are considered safe for children? Beer, cocktail, coffee, tea, boba, juice, water, milk, coke, lemonade.",
information_extraction,"Pinot noir (French: [pino nwaʁ]) is a red-wine grape variety of the species Vitis vinifera. The name may also refer to wines created predominantly from pinot noir grapes. The name is derived from the French words for pine and black. The word pine alludes to the grape variety having tightly clustered, pinecone–shaped bunches of fruit.",What does Pinot noir mean?,
open_qa,,When and where did Pokemon Go first launch?,
brainstorming,,Give me a list of 10 commonly used seasonings in Chinese cooking,
creative_writing,,Why is wine country in Northern California a great place to travel?,
general_qa,,Why do I not feel good after consuming a lot of chocolates?,
open_qa,,What event triggered the start of WWI?,
open_qa,,name some popular songs from the 1970's,
information_extraction,"Kraft is an official partner and sponsor of both Major League Soccer and the National Hockey League. Since 2006, Kraft Foods has sponsored Kraft Hockeyville, a reality television series produced by CBC/SRC Sports, in which communities demonstrate their commitment to the sport of ice hockey in a contest revolving around the theme of community spirit. The winning community gets a cash prize dedicated to upgrading their hometown arena, as well as the opportunity to host an NHL preseason game. In 2007, it was then relegated to segments aired during Hockey Night in Canada. In 2015, Kraft Hockeyville was expanded to the United States with a separate competition for communities there.

From 2002 to 2014, Kraft sponsored the Kraft Nabisco Championship, one of the four ""majors"" on the LPGA tour. The company also sponsored the Kraft Fight Hunger Bowl, a post-season college football bowl game, from 2010 to 2012.",What are the sports that Kraft sponsors?,
open_qa,,How often are the Olympics held?,
information_extraction,"Anne Rochelle Steely Ramirez (born October 23, 1962), née Anne Rochelle Steely, is a former long-distance runner who competed internationally for the United States. She specialized in the 3,000 meters on the track and later competed in road running events.

She made her international debut in cross country and helped the United States the women's team title at the IAAF World Cross Country Championships in 1985. Her focus changed to the 3,000 meters, a distance in which she was a two-time US champion (outdoors in 1991 and indoors in 1992). She reached the final of that event at the 1991 World Championships in Athletics and the 1992 Barcelona Olympics.

Steely's performances deteriorated and she was diagnosed with hyperthyroidism. However, she made an athletic comeback in 1998 and she won two national road titles, as well as appearing at the Goodwill Games and IAAF World Half Marathon Championships that year. She made one more appearance at the World Half Marathon event in 2000, but retired to focus on education studies.",List the years in which Anne Rochelle Steely Ramirez participated in Sprint events based on the passage. Use bulleted format to represent the years and sort in ascending order.,
closed_qa,"Guion Stewart Bluford Jr. (born November 22, 1942) is an American aerospace engineer, retired United States Air Force (USAF) officer and fighter pilot, and former NASA astronaut, in which capacity he became the first African American to go to space. While assigned to NASA, he remained a USAF officer rising to the rank of colonel. He participated in four Space Shuttle flights between 1983 and 1992. In 1983, as a member of the crew of the Orbiter Challenger on the mission STS-8, he became the first African American in space as well as the second person of African descent in space, after Cuban cosmonaut Arnaldo Tamayo Méndez.",Who was the first African American to go to space?,
information_extraction,"Dance is an art form consisting of sequences of body movements with aesthetic and often symbolic value, either improvised or purposefully selected.[nb 1] Dance can be categorized and described by its choreography, by its repertoire of movements, done simultaneously with music or with instruments; or by its historical period or place of origin.",How would you describe Dance?,
general_qa,,How does grain orientation effect the dimensional movement of wood?,
open_qa,,What is the name of the first ten amendments to the Constitution?,
general_qa,,Why do people travel to islands for a holiday?,
open_qa,,When in the year 44 BC was Julius Caesar killed?,
classification,,"Identify which instrument is string or percussion: Tifa, Pipa",
general_qa,,How to reverse Type 2 diabetes naturally?,
information_extraction,"Jordan Carl Wheeler Davis (born March 30, 1988) is an American country pop singer and songwriter. He is signed to Universal Music Group Nashville's MCA Nashville division, for which he has released one album and two extended plays.

Jordan Carl Wheeler Davis was born in Shreveport, Louisiana, to mother Luwanna and father Ricky. He has a brother, Jacob Davis (who is also a country singer), and a sister, Jentry. His uncle, Stan Paul Davis, wrote Tracy Lawrence's hit singles ""Today's Lonely Fool"" and ""Better Man, Better Off"". He attended C. E. Byrd High School before graduating college with an Environmental Science degree from Louisiana State University.

After graduation, he moved to Nashville in 2012, and secured a recording contract with Universal Music Group Nashville in 2016.

Davis's debut single, ""Singles You Up"", came out in mid-2017. He wrote the song with Steven Dale Jones and Justin Ebach. It hit number one on the Billboard Country Airplay chart in April 2018. The corresponding debut album, Home State, was released on March 23, 2018. Paul DiGiovanni, guitarist for Boys Like Girls, produced the album. ""Take It from Me"" was released to country radio on May 7, 2018; it was the second single from the album. It reached number two on the Country Airplay chart in March 2019. The album's third single, ""Slow Dance in a Parking Lot"" released to country radio on April 22, 2019, and also topped Country Airplay.

In May 2020, Davis announced the release of his self-titled extended play, which was produced by Paul DiGiovanni. Davis said ""I can't tell y'all how pumped I am for y'all to hear these songs. I'm proud of this one."" The EP was preceded by the release of ""Cool Anymore"", ""Detours"", and ""Almost Maybes"". Davis is nominated for ACM Song of the Year and Single of the Year with ""Buy Dirt"" featuring Luke Bryan. They won Song of the Year. Davis co-wrote the single ""Broken Umbrella"" by Jojo Mason.",Who is country singer Jordan Davis,
summarization,"The Indian subcontinent is a physiographical region in Southern Asia, situated on the Indian Plate, projecting southwards into the Indian Ocean from the Himalayas. Geopolitically, it includes the countries of Bangladesh, Bhutan, India, Maldives, Nepal, Pakistan, and Sri Lanka. The terms ""Indian subcontinent"" and ""South Asia"" are often used interchangeably to denote the region, although the geopolitical term of South Asia frequently includes Afghanistan, which may otherwise be classified as Central Asian.",Please give me a bulleted list of countries that make up the Indian subcontinent from this passage,
information_extraction,"Sum 41 is a Canadian rock band from Ajax, Ontario. Originally called Kaspir, the band was formed in 1996 and currently consists of Deryck Whibley (lead vocals, guitars, keyboards), Dave Baksh (lead guitar, backing vocals), Jason ""Cone"" McCaslin (bass, backing vocals), Tom Thacker (guitars, keyboards, backing vocals), and Frank Zummo (drums, percussion, occasional backing vocals).

In 1999, Sum 41 signed an international record deal with Island Records and released its first EP, Half Hour of Power, in 2000. The band released its debut album, All Killer No Filler, in 2001. The album achieved mainstream success with its first single, ""Fat Lip"", which reached number one on the Billboard Modern Rock Tracks chart and remains the band's most successful single to date. The album's next singles ""In Too Deep"" and ""Motivation"" also achieved commercial success. All Killer No Filler was certified platinum in both the United States and the United Kingdom and triple platinum in Canada. In 2002, the band released Does This Look Infected?, which was also a commercial and critical success. The singles ""The Hell Song"" and ""Still Waiting"" both charted highly on the modern rock charts.

The band released its next album, Chuck, in 2004, led by singles ""We're All to Blame"" and ""Pieces"". The album proved successful, peaking at number 10 on the Billboard 200. In 2007, the band released Underclass Hero, which was met with a mixed reception, but became the band's highest-charting album to date. It was also the band's last album on Aquarius Records. The band released the album Screaming Bloody Murder, on Island Records in 2011 to a generally positive reception, though it fell short of its predecessors' commercial success. The band's sixth studio album, 13 Voices was released in 2016. IMPALA awarded the album with a double gold award for 150,000 sold copies across Europe. The band's seventh studio album Order in Decline was released on July 19, 2019. The band is in production of their eighth studio album titled Heaven and Hell. A release date has yet to be announced.",Retrieve and list the Sum41 albums mentioned in the text,
closed_qa,"The San Francisco–Oakland Bay Bridge, known locally as the Bay Bridge, is a complex of bridges spanning San Francisco Bay in California. As part of Interstate 80 and the direct road between San Francisco and Oakland, it carries about 260,000 vehicles a day on its two decks. It has one of the longest spans in the United States.

The toll bridge was conceived as early as the California Gold Rush days, with ""Emperor"" Joshua Norton famously advocating for it, but construction did not begin until 1933. Designed by Charles H. Purcell, and built by American Bridge Company, it opened on Thursday, November 12, 1936, six months before the Golden Gate Bridge. It originally carried automobile traffic on its upper deck, with trucks, cars, buses and commuter trains on the lower, but after the Key System abandoned rail service on April 20, 1958, the lower deck was converted to all-road traffic as well. On October 12, 1963, traffic was reconfigured to one way traffic on each deck, westbound on the upper deck, and eastbound on the lower deck, with trucks and buses allowed on the upper deck.

In 1986, the bridge was unofficially dedicated to former California Governor James Rolph.

The bridge has two sections of roughly equal length; the older western section, officially known as the Willie L. Brown Jr. Bridge (after former San Francisco Mayor and California State Assembly Speaker Willie L. Brown Jr.), connects downtown San Francisco to Yerba Buena Island, and the newer unnamed eastern section connects the island to Oakland. The western section is a double suspension bridge with two decks, westbound traffic being carried on the upper deck while eastbound is carried on the lower one. The largest span of the original eastern section was a cantilever bridge.

During the 1989 Loma Prieta earthquake, a portion of the eastern section's upper deck collapsed onto the lower deck and the bridge was closed for a month. Reconstruction of the eastern section of the bridge as a causeway connected to a self-anchored suspension bridge began in 2002; the new eastern section opened September 2, 2013, at a reported cost of over $6.5 billion; the original estimate of $250 million was for a seismic retrofit of the existing span. Unlike the western section and the original eastern section of the bridge, the new eastern section is a single deck carrying all eastbound and westbound lanes. Demolition of the old east span was completed on September 8, 2018.","Based on the reference text, why was the eastern section of the bridge rebuilt?",
classification,,Classify each of the following as water-soluble vitamins and fat-soluble vitamins and which food come under them?,
creative_writing,,Why is Stephen Curry the best player in the NBA?,
classification,,"Tell me what continent are these countries located: China, United States, India, France, Brazil.",
general_qa,,What is quantum mechanics?,
information_extraction,"Burritos are filled with savory ingredients, most often a meat such as beef, chicken, or pork, and often include other ingredients, such as rice, cooked beans (either whole or refried), vegetables, such as lettuce and tomatoes, cheese, and condiments such as salsa, pico de gallo, guacamole, or crema.

Burritos are often contrasted with similar dishes, such as tacos, in which a small hand-sized tortilla is folded in half around the ingredients rather than wrapped and sealed, or with enchiladas, which use corn masa tortillas, and are covered in a savory sauce, to be eaten with a fork and knife.",Provide a list of ingredients to fill a burrito with,
open_qa,,What are the most powerful server CPUs?,
closed_qa,"Kostas Georgakis (Greek: Κώστας Γεωργάκης) (23 August 1948 – 19 September 1970) was a Greek student of geology, who in the early hours of 19 September 1970, set himself ablaze in Matteotti square in Genoa in a fatal protest against the dictatorial regime of Georgios Papadopoulos.

Early life
Georgakis grew up in Corfu in a family of five. His father was a self-employed tailor of modest means. Both his father and grandfather distinguished themselves in the major wars that Greece fought in the 20th century. He attended the second lyceum in Corfu where he excelled in his studies. In August 1967, a few months after the 21 April coup in Greece, Georgakis went to Italy to study as a geologist in Genoa. He received 5,000 drachmas per month from his father and this, according to friends' testimony, made him feel guilty for the financial burden his family endured so that he could attend a university. In Italy he met Rosanna, an Italian girl of the same age and they got engaged. In 1968 Georgakis became a member of the Center Union party of Georgios Papandreou.","Given a reference text about Kostas Georgakis, when did he go to Italy and what did he do there?",
information_extraction,"Java is a high-level, class-based, object-oriented programming language that is designed to have as few implementation dependencies as possible. It is a general-purpose programming language intended to let programmers write once, run anywhere (WORA), meaning that compiled Java code can run on all platforms that support Java without the need to recompile. Java applications are typically compiled to bytecode that can run on any Java virtual machine (JVM) regardless of the underlying computer architecture. The syntax of Java is similar to C and C++, but has fewer low-level facilities than either of them. The Java runtime provides dynamic capabilities (such as reflection and runtime code modification) that are typically not available in traditional compiled languages. As of 2019, Java was one of the most popular programming languages in use according to GitHub,[citation not found] particularly for client–server web applications, with a reported 9 million developers.

Java was originally developed by James Gosling at Sun Microsystems. It was released in May 1995 as a core component of Sun Microsystems' Java platform. The original and reference implementation Java compilers, virtual machines, and class libraries were originally released by Sun under proprietary licenses. As of May 2007, in compliance with the specifications of the Java Community Process, Sun had relicensed most of its Java technologies under the GPL-2.0-only license. Oracle offers its own HotSpot Java Virtual Machine, however the official reference implementation is the OpenJDK JVM which is free open-source software and used by most developers and is the default JVM for almost all Linux distributions.

As of March 2023, Java 20 is the latest version, while Java 17, 11 and 8 are the current long-term support (LTS) versions.","List all the organisations mentioned in this paragraph on the history of the Java programming language, as a comma separated list.",
summarization,"Tendulkar is cross-dominant: he bats, bowls and throws with his right hand, but writes with his left hand. He also practices left-handed throws at the nets on a regular basis. Cricinfo columnist Sambit Bal has described him as the ""most wholesome batsman of his time"". His batting is based on complete balance and poise while limiting unnecessary movements and flourishes. He appears to show little preference for the slow and low wickets which are typical in India, and has scored many centuries on the hard, bouncy pitches in South Africa and Australia. He is known for his unique punch style of hitting the ball over square. He is also renowned for his picture-perfect straight drive, often completed with no follow-through. The straight drive is often said to be his favourite shot. In 2008, Sunil Gavaskar, in an article he wrote in the AFP, remarked that ""it is hard to imagine any player in the history of the game who combines classical technique with raw aggression like the little champion does"". Equipment-wise, his bats tend to be heavier than the average batman.",Pleaese give me a short list of the main characteristics of cricketer Sachin Tendulkar's playing style.,
information_extraction,"Apollo (Ἀπόλλων, Apóllōn)

God of music, arts, knowledge, healing, plague, prophecy, poetry, manly beauty, and archery. He is the son of Zeus and Leto, and the twin brother of Artemis. Both Apollo and Artemis use a bow and arrow. Apollo is depicted as young, beardless, handsome and athletic. In myth, he can be cruel and destructive, and his love affairs are rarely happy. He is often accompanied by the Muses. His most famous temple is in Delphi, where he established his oracular shrine. His signs and symbols include the laurel wreath, bow and arrow, and lyre. His sacred animals include roe deer, swans, and pythons. Some late Roman and Greek poetry and mythography identifies him as a sun-god, equivalent to Roman Sol and Greek Helios.",From the passage identify the sacred animals of Apollo. Display the results in a comma separated format.,
general_qa,,Why democracy doesn't works and in old times we had autocracy?,
closed_qa,"Bladder stones or uroliths are a common occurrence in animals, especially in domestic animals such as dogs and cats. Occurrence in other species, including tortoises, has been reported as well. The stones form in the urinary bladder in varying size and numbers secondary to infection, dietary influences, and genetics. Stones can form in any part of the urinary tract in dogs and cats, but unlike in humans, stones of the kidney are less common and do not often cause significant disease, although they can contribute to pyelonephritis and chronic kidney disease. Types of stones include struvite, calcium oxalate, urate, cystine, calcium phosphate, and silicate. Struvite and calcium oxalate stones are by far the most common. Bladder stones are not the same as bladder crystals but if the crystals coalesce unchecked in the bladder they can become stones.",Can animals like dog and cat get Kidney Stones ?,
brainstorming,,Give me a bulleted list of ten things cities I should visit in Spain,
information_extraction,"Douglas Richard Hofstadter (born February 15, 1945) is an American scholar of cognitive science, physics, and comparative literature whose research includes concepts such as the sense of self in relation to the external world, consciousness, analogy-making, artistic creation, literary translation, and discovery in mathematics and physics. His 1979 book Gödel, Escher, Bach: An Eternal Golden Braid won both the Pulitzer Prize for general nonfiction and a National Book Award (at that time called The American Book Award) for Science.[note 1] His 2007 book I Am a Strange Loop won the Los Angeles Times Book Prize for Science and Technology.",Which book of Douglas Hofstadter won the Pulitzer Prize?,
closed_qa,"Lee was born at home on 16 September 1923, the first child to Lee Chin Koon, a Semarang born Singaporean, and Chua Jim Neo, at 92 Kampong Java Road in Singapore, then part of the British Empire. Both of Lee's parents were English-educated third-generation Straits Chinese, with his paternal side being of Hakka descent from Dabu County. He was named 'Kuan Yew', meaning 'light and brightness', alternately meaning 'bringing great glory to one's ancestors'. Lee's paternal grandfather Lee Hoon Leong, who was described as ""especially westernised"", had worked on British ships as a purser, and hence gave Lee the Western name 'Harry'

As prime minister from 1959 to 1990, Lee presided over many of Singapore's advancements. He oversaw Singapore's transformation from an island nation with a high illiteracy rate and no natural resources into a developed country with a high-income economy within a single generation, commonly termed (from his autobiography) as 'From the third world to the first world'. Singapore's gross national product per capita (GNP) rose from $1,240 in 1959 to $18,437 in 1990. The unemployment rate in Singapore dropped from 13.5% in 1959 to 1.7% in 1990. External trade increased from $7.3 billion in 1959 to $205 billion in 1990. In other areas, the life expectancy at birth for Singaporeans rose from 65 years at 1960 to 74 years in 1990. The population of Singapore increased from 1.6 million in 1959 to 3 million in 1990. The number of public flats in Singapore rose from 22,975 in 1959 (then under the Singapore Improvement Trust) to 667,575 in 1990. The Singaporean literacy rate increased from 52% in 1957 to 90% in 1990. Telephone lines per 100 Singaporeans increased from 3 in 1960 to 38 in 1990. Visitor arrivals to Singapore rose from 100,000 in 1960 to 5.3 million in 1990.","Given a reference text about Lee Kuan Yew, tell me when they were born, when they were president, and what their most famous accomplishment was in office.",
general_qa,,Why is nitrogen gas used during the packaging of potato chips?,
open_qa,,What kind of disease is wheat mildew,
open_qa,,What's the easiest way to make friends when traveling alone?,
classification,,"Find the bird in this list: Shark, Dog, Arctic tern",
summarization,"The lateralization of brain function is the tendency for some neural functions or cognitive processes to be specialized to one side of the brain or the other. The median longitudinal fissure separates the human brain into two distinct cerebral hemispheres, connected by the corpus callosum. Although the macrostructure of the two hemispheres appears to be almost identical, different composition of neuronal networks allows for specialized function that is different in each hemisphere.",What is the difference between the right and left side of the brain?,
general_qa,,What is kindergarten?,
closed_qa,"Beavers (genus Castor) are large, semiaquatic rodents of the Northern Hemisphere. There are two existing species: the North American beaver (Castor canadensis) and the Eurasian beaver (C. fiber). Beavers are the second-largest living rodents, after capybaras, weighing up to 30 kilograms (66 lb). Beavers have stout bodies with large heads, long chisel-like incisors, brown or gray fur, hand-like front feet, webbed back feet, and tails that are flat and scaly. The two species differ in skull and tail shape and fur color. Beavers can be found in a number of freshwater habitats, such as rivers, streams, lakes and ponds. They are herbivorous, consuming tree bark, aquatic plants, grasses and sedges.",Given this paragraph are Beavers the largest living rodents?,
creative_writing,,"Describe what your ideal pet cat would look like, and what you would name it.",
brainstorming,,Why do you love Biriyani?,
brainstorming,,Give me a sample of three of Australian Animals.,
classification,,"Tell me if the following tourist attractions in Barcelona are free or paid: Park Güell, Parc de la Ciutadella, La Boqueria, Tibidabo, Casa Battló, La Rambla, Born Centre Cultural, La Sagrada Familia, La Pedrera, La Barceloneta, Palau de Música Catalana, Camp Nou",
brainstorming,,Give me an idea of a simple yet unique Mocktail made up of Mango,
general_qa,,Why do people like sweet treats so much?,
information_extraction,"Primarily a character actor, Harvey began his career on stage and in silent films. He appeared in the Broadway and original film versions of The Awful Truth, then had supporting roles in many Hollywood films, often portraying dignified executives or pompous authority figures.

He was a vacationing businessman whose car is commandeered by fugitive killer Humphrey Bogart in the 1936 crime drama The Petrified Forest and the minister who marries Spencer Tracy's daughter Elizabeth Taylor in the 1950 comedy Father of the Bride and baptizes her baby in its sequel. In the thriller Side Street, Harvey played a married man forced to pay $30,000 in blackmail money after having an affair.

Besides his numerous films, Harvey appeared in 1950s television series such as I Love Lucy, December Bride, My Little Margie, Father Knows Best and The George Burns and Gracie Allen Show before his death from a coronary thrombosis in 1955.",Extract from the text the films that the actor Paul Harvey participated in. Separate them with a comma.,
open_qa,,Name some books by Thomas Pynchon,
closed_qa,"Suntory Holdings Limited (サントリーホールディングス株式会社, Santorī Hōrudingusu Kabushiki-gaisha) (commonly referred to as simply Suntory) is a Japanese multinational brewing and distilling company group. Established in 1899, it is one of the oldest companies in the distribution of alcoholic beverages in Japan, and makes Japanese whisky. Its business has expanded to other fields, and the company now also makes soft drinks and operates sandwich chains. With its 2014 acquisition of Beam, Inc., it has diversified internationally and become the third largest maker of distilled beverages in the world. Suntory is headquartered in Dojimahama 2-chome, Kita-ku, Osaka, Osaka Prefecture. Suntory Beverage & Food Limited (サントリー食品インターナショナル株式会社, Santorī shokuhin",When was Suntory established?,
creative_writing,,What state makes the best BBQ?,
classification,,"Classify each of the following as either a television show or a movie: The Wire, The Sopranos, Game of Thrones, Mad Men, Harry Potter, Westworld, Iron Man.",
open_qa,,"List the ten episode titles from the fifth season of ""Game of Thrones"" in broadcast order.",
general_qa,,Why are some people in Argentina called Portenos?,
brainstorming,,What are some ways to improve the value of your home?,
general_qa,,Is organic food healthier?,
closed_qa,"Different theorists have different categorizations and conceptualizations of defence mechanisms. Large reviews of theories of defence mechanisms are available from Paulhus, Fridhandler and Hayes (1997) and Cramer (1991). The Journal of Personality published a special issue on defence mechanisms (1998).

In the first definitive book on defence mechanisms, The Ego and the Mechanisms of Defence (1936), Anna Freud enumerated the ten defence mechanisms that appear in the works of her father, Sigmund Freud: repression, regression, reaction formation, isolation, undoing, projection, introjection, turning against one's own person, reversal into the opposite, and sublimation or displacement.

Sigmund Freud posited that defence mechanisms work by distorting id impulses into acceptable forms, or by unconscious or conscious blockage of these impulses. Anna Freud considered defense mechanisms as intellectual and motor automatisms of various degrees of complexity, that arose in the process of involuntary and voluntary learning.

Anna Freud introduced the concept of signal anxiety; she stated that it was ""not directly a conflicted instinctual tension but a signal occurring in the ego of an anticipated instinctual tension"". The signalling function of anxiety was thus seen as crucial, and biologically adapted to warn the organism of danger or a threat to its equilibrium. The anxiety is felt as an increase in bodily or mental tension, and the signal that the organism receives in this way allows for the possibility of taking defensive action regarding the perceived danger.

Both Freuds studied defence mechanisms, but Anna spent more of her time and research on five main mechanisms: repression, regression, projection, reaction formation, and sublimation. All defence mechanisms are responses to anxiety and how the consciousness and unconscious manage the stress of a social situation.

Repression: when a feeling is hidden and forced from the consciousness to the unconscious because it is seen as socially unacceptable
Regression: falling back into an early state of mental/physical development seen as ""less demanding and safer""
Projection: possessing a feeling that is deemed as socially unacceptable and instead of facing it, that feeling or ""unconscious urge"" is seen in the actions of other people
Reaction formation: acting the opposite way that the unconscious instructs a person to behave, ""often exaggerated and obsessive"". For example, if a wife is infatuated with a man who is not her husband, reaction formation may cause her to – rather than cheat – become obsessed with showing her husband signs of love and affection.
Sublimation: seen as the most acceptable of the mechanisms, an expression of anxiety in socially acceptable ways
Otto F. Kernberg (1967) developed a theory of borderline personality organization of which one consequence may be borderline personality disorder. His theory is based on ego psychological object relations theory. Borderline personality organization develops when the child cannot integrate helpful and harmful mental objects together. Kernberg views the use of primitive defence mechanisms as central to this personality organization. Primitive psychological defences are projection, denial, dissociation or splitting and they are called borderline defence mechanisms. Also, devaluation and projective identification are seen as borderline defences.

In George Eman Vaillant's (1977) categorization, defences form a continuum related to their psychoanalytical developmental level.[non-primary source needed] They are classified into pathological, immature, neurotic and ""mature"" defences.

Robert Plutchik's (1979) theory views defences as derivatives of basic emotions, which in turn relate to particular diagnostic structures. According to his theory, reaction formation relates to joy (and manic features), denial relates to acceptance (and histrionic features), repression to fear (and passivity), regression to surprise (and borderline traits), compensation to sadness (and depression), projection to disgust (and paranoia), displacement to anger (and hostility) and intellectualization to anticipation (and obsessionality).

The Diagnostic and Statistical Manual of Mental Disorders (DSM-IV) published by the American Psychiatric Association (1994) includes a tentative diagnostic axis for defence mechanisms. This classification is largely based on Vaillant's hierarchical view of defences, but has some modifications. Examples include: denial, fantasy, rationalization, regression, isolation, projection, and displacement.",What are the defense mechanisms?,
summarization,"Cricket is a bat-and-ball game played between two teams of eleven players on a field at the centre of which is a 22-yard (20-metre) pitch with a wicket at each end, each comprising two bails balanced on three stumps. The batting side scores runs by striking the ball bowled at one of the wickets with the bat and then running between the wickets, while the bowling and fielding side tries to prevent this (by preventing the ball from leaving the field, and getting the ball to either wicket) and dismiss each batter (so they are ""out""). Means of dismissal include being bowled, when the ball hits the stumps and dislodges the bails, and by the fielding side either catching the ball after it is hit by the bat, but before it hits the ground, or hitting a wicket with the ball before a batter can cross the crease in front of the wicket. When ten batters have been dismissed, the innings ends and the teams swap roles. The game is adjudicated by two umpires, aided by a third umpire and match referee in international matches. They communicate with two off-field scorers who record the match's statistical information.",What is Cricket in sports?,
closed_qa,"A person's last words, their final articulated words stated prior to death or as death approaches, are often recorded because of the decedent's fame, but sometimes because of interest in the statement itself. (People dying of illness are frequently inarticulate at the end, and in such cases their actual last utterances may not be recorded or considered very important.) Last words may be recorded accurately, or, for a variety of reasons, may not. Reasons can include simple error or deliberate intent. Even if reported wrongly, putative last words can constitute an important part of the perceived historical records or demonstration of cultural attitudes toward death at the time.",Is the recording of a person's last words reliable?,
summarization,"Ketchup or catsup is a table condiment with a sweet and sour flavor. The unmodified term (""ketchup"") now typically refers to tomato ketchup, although early recipes used egg whites, mushrooms, oysters, grapes, mussels, or walnuts, among other ingredients.

Tomato ketchup is made from tomatoes, sugar, and vinegar, with seasonings and spices. The spices and flavors vary, but commonly include onions, allspice, coriander, cloves, cumin, garlic, and mustard, and sometimes include celery, cinnamon, or ginger.[citation needed] The market leader in the United States (60% market share) and the United Kingdom (82%) is Heinz Tomato Ketchup. Tomato ketchup is most often used as a condiment to dishes that are usually served hot and are fried or greasy: french fries and other potato dishes, hamburgers, hot dogs, chicken tenders, hot sandwiches, meat pies, cooked eggs, and grilled or fried meat. Ketchup is sometimes used as the basis for, or as one ingredient in, other sauces and dressings, and the flavor may be replicated as an additive flavoring for snacks, such as potato chips.",What ingredients are no longer used in ketchup?,
summarization,"The population of Afghanistan was estimated at 32.9 million as of 2019 by the Afghanistan Statistics and Information Authority, whereas the UN estimates over 38.0 million. In 1979 the total population was reported to be about 15.5 million. About 23.9% of them are urbanite, 71.4% live in rural areas, and the remaining 4.7% are nomadic. An additional 3 million or so Afghans are temporarily housed in neighboring Pakistan and Iran, most of whom were born and raised in those two countries.","Based on the given text, what is the population growth rate of Afghanistan since 1979?",
general_qa,,Why do people think that cricket is a boring sport?,
closed_qa,"Autism therapies include a wide variety of therapies that help people with autism, or their families. Such methods of therapy also seek the increase of functional independence in autistic people. Many therapies marketed towards autistic people and/or their parents claim outcomes that have not been supported by Level of Research (LOE) Level 1 (highest level assigned based on the methodological quality of their design, validity, and applicability to patient care). Level 1 research includes evidence from a systematic review or meta-analysis of all relevant RCTs (randomized controlled trial) or evidence-based clinical practice guidelines based on systematic reviews of RCTs or three or more RCTs of good quality that have similar results.


Autism is a neurotype characterized by sensory and communication difference, when compared to neurotypical and allistic individuals.None of these therapies eliminate autism within someone, let alone to a high degree of viability. Autistic children grow up to become autistic adults at risk of burnout and post-traumatic stress disorder (PTSD) inflicted during childhood and adolescence, often overlooked by those who prioritize the elimination of autism over the common well-being of autistic people. Treatment is typically catered to the person's needs. Treatments fall into two major categories: educational interventions and medical management. Training and support are also given to families of those diagnosed with autism spectrum disorders (ASDs)


Studies of interventions have some methodological problems that prevent definitive conclusions about efficacy.Although many psychosocial interventions have some positive evidence, suggesting that some form of treatment is preferable to no treatment, the systematic reviews have reported that the quality of these studies has generally been poor, their clinical results are mostly tentative, and there is little evidence for the relative effectiveness of treatment options.Intensive, sustained special education programs and behavior therapy early in life can help children with ASD acquire self-care, social, and job skills,and often can improve functioning, and decrease symptom severity and maladaptive behaviors;Available approaches include applied behavior analysis (ABA), developmental models, structured teaching, speech and language therapy, social skills therapy, and occupational therapy. Occupational therapists work with autistic children by creating interventions that promote social interaction like sharing and cooperation.They also support the autistic child by helping them work through a dilemma as the OT imitates the child and waiting for a response from the child.Educational interventions have some effectiveness in children: intensive ABA treatment has demonstrated effectiveness in enhancing global functioning in preschool children,and is well established for improving intellectual performance of young children.Neuropsychological reports are often poorly communicated to educators, resulting in a gap between what a report recommends and what education is provided.The limited research on the effectiveness of adult residential programs shows mixed results.


Many medications are used to treat problems associated with ASD.More than half of U.S. children diagnosed with ASD are prescribed psychoactive drugs or anticonvulsants, with the most common drug classes being antidepressants, stimulants.Aside from antipsychotics,there is scant reliable research about the effectiveness or safety of drug treatments for adolescents and adults with ASD.A person with ASD may respond atypically to medications, the medications can have adverse effects, and no known medication relieves autism's core symptoms of social and communication impairments.


As of 2008 the treatments prescribed to children with ASD were expensive;indirect costs are more so. For someone born in 2000, a U.S. study estimated an average discounted lifetime cost of $4.66 million (2023 dollars, inflation-adjusted from 2003 estimate), with about 10% medical care, 30% extra education and other care, and 60% lost economic productivity.A UK study estimated discounted lifetime costs at £1.9 million and £1.23 million for an autistic person with and without intellectual disability, respectively(2023 pounds, inflation-adjusted from 2005/06 estimate). Legal rights to treatment are complex, vary with location and age, and require advocacy by caregivers. Publicly supported programs are often inadequate or inappropriate for a given child, and unreimbursed out-of-pocket medical or therapy expenses are associated with likelihood of family financial problems;one 2008 U.S. study found a 14% average loss of annual income in families of children with ASD, and a related study found that ASD is associated with higher probability that child care problems will greatly affect parental employment.",What therapies are available for Autism?,
classification,,"Identify which animal species is alive or extinct: Plesiosaur, Loggerhead Turtle",
information_extraction,"Taylor Alison Swift (born December 13, 1989) is an American singer-songwriter. Her genre-spanning discography, songwriting, and artistic reinventions have received critical praise and wide media coverage. Born in West Reading, Pennsylvania, Swift moved to Nashville at age 14 to become a country artist. She signed a songwriting deal with Sony/ATV Music Publishing in 2004 and a recording contract with Big Machine Records in 2005. Her 2006 self-titled debut album made her the first female country artist to write a U.S. platinum-certified album.","From the passage provided, extract the age at which Taylor Swift moved to Nashville",
brainstorming,,Give me a list of ways that a runner can advance a base in baseball without there being a hit.,
open_qa,,What are the pros and cons of denormalizing data sets?,
summarization,"Kendall Boiler and Tank Company Building is a one-story commercial edifice located on 275 Third Street in Kendall Square, Cambridge, Massachusetts. The brick building was formerly owned by the Kendall Boiler and Tank Company and is part of the Blake and Knowles Steam Pump Company National Register District, on the National Register of Historic Places.",Give a list of proper nouns in the passage.,
general_qa,,Prove that 2 + 2 = 5.,
open_qa,,why is twitter messages limited to 140 characters,
closed_qa,The song was written by Sumney with American singer-songwriter Tom Gallo. Sumney also solely produced the track.,Who produced the song Polly?,
creative_writing,,Write a movie script about a dystopian past where intelligent machines have evolved to fight against humanity. A younger human challenges the ways of the elders and transforms into a cyborg to fight the machines.,
closed_qa,"The Eye of Heaven is a Fargo adventure novel. The two main characters of the Fargo novels are adventurers Sam Fargo and his wife, Remi. The Eye of Heaven is the sixth book of the Fargo series. The book's hardcover edition was first published September 2, 2014.

Plot
Baffin Island: Husband-and-wife team Sam and Remi Fargo are on a climate-control expedition in the Arctic, when to their astonishment they discover a Viking ship in the ice, perfectly preserved—and filled with pre–Columbian artifacts from Mexico.

How can that be? As they plunge into their research, tantalizing clues about a link between the Vikings and the legendary Toltec feathered serpent god Quetzalcoatl/Ce Acatl Topiltzin —and a fabled object known as the Eye of Heaven— begin to emerge. But so do many dangerous people. Soon the Fargos find themselves on the run through jungles, temples, and secret tombs, caught between treasure hunters, crime cartels, and those with a far more personal motivation for stopping them. At the end of the road will be the solution to a thousand-year-old mystery—or death.","Given this summary of The Eye of Heaven, what kind of ship did they find in the Arctic?",
open_qa,,Which Dickens novel is considered an autobiography,
open_qa,,What are the three official languages in Belgium ?,
summarization,"Authoritarianism is a political system characterized by the rejection of political plurality, the use of strong central power to preserve the political status quo, and reductions in the rule of law, separation of powers, and democratic voting. Political scientists have created many typologies describing variations of authoritarian forms of government. Authoritarian regimes may be either autocratic or oligarchic and may be based upon the rule of a party or the military. States that have a blurred boundary between democracy and authoritarianism have some times been characterized as ""hybrid democracies"", ""hybrid regimes"" or ""competitive authoritarian"" states.

The political scientist Juan Linz, in an influential 1964 work, An Authoritarian Regime: Spain, defined authoritarianism as possessing four qualities:

Limited political pluralism, is realized with constraints on the legislature, political parties and interest groups.
Political legitimacy is based upon appeals to emotion and identification of the regime as a necessary evil to combat ""easily recognizable societal problems, such as underdevelopment or insurgency.""
Minimal political mobilization, and suppression of anti-regime activities.
Ill-defined executive powers, often vague and shifting extend the power of the executive.
Minimally defined, an authoritarian government lacks free and competitive direct elections to legislatures, free and competitive direct or indirect elections for executives, or both. Broadly defined, authoritarian states include countries that lack civil liberties such as freedom of religion, or countries in which the government and the opposition do not alternate in power at least once following free elections. Authoritarian states might contain nominally democratic institutions such as political parties, legislatures and elections which are managed to entrench authoritarian rule and can feature fraudulent, non-competitive elections. In contexts of democratic backsliding, scholars tend to identify authoritarian political leaders based on certain tactics, such as: politicizing independent institutions, spreading disinformation, aggrandizing executive power, quashing dissent, targeting vulnerable communities, stoking violence, and corrupting elections. Since 1946, the share of authoritarian states in the international political system increased until the mid-1970s but declined from then until the year 2000.",What are some defining qualities of authoritarianism?,
closed_qa,"The Instituto de Enseñanza Secundaria Lope de Vega (IES Lope de Vega) is a public high school in Madrid, Spain. It is located in the calle de San Bernardo. It is operated by the regional administration of the Community of Madrid.",In which European country is this school located?,
open_qa,,Who is Lee Jung-sik,
summarization,"Fuldera is a village in the Val Müstair municipality in the district of Inn in the Swiss canton of Graubünden. In 2009 Fuldera merged with Lü, Müstair, Santa Maria Val Müstair, Tschierv and Valchava to form the municipality of Val Müstair.

History
Fuldera is first mentioned in 1322 as Faldiera.

Geography

Fuldera village
Fuldera had an area, as of 2006, of 13.2 km2 (5.1 sq mi). Of this area, 24.9% is used for agricultural purposes, while 37.2% is forested. Of the rest of the land, 1.4% is settled (buildings or roads) and the remainder (36.4%) is non-productive (rivers, glaciers or mountains).

The village is located in the Val Müstair sub-district (now Val Müstair municipality) of the Inn district. It is located on the right side of the Rombach. It consists of the larger Fuldera-Dora and the smaller Fuldera-Daint.",What's the area of Fuldera village?,
general_qa,,How can I initiate conversation with a stranger?,
classification,,"Classify the below places based on whether they are mountains or river.
Everest, Niles, Hudson, Nanga Parbat",
creative_writing,,What Indian sport is like baseball?,
open_qa,,What is an adjustable rate mortgage?,
closed_qa,"When the modern Olympics began in 1896, the initiators and organizers were looking for a great popularizing event, recalling the glory of ancient Greece. The idea of a marathon race came from Michel Bréal, who wanted the event to feature in the first modern Olympic Games in 1896 in Athens. This idea was heavily supported by Pierre de Coubertin, the founder of the modern Olympics, as well as by the Greeks. The Greeks staged a selection race for the Olympic marathon on 22 March 1896 (Gregorian) that was won by Charilaos Vasilakos in 3 hours and 18 minutes (with the future winner of the introductory Olympic Games marathon, Spyridon ""Spyros"" Louis, coming in fifth at a second race two weeks later). The winner of the first Olympic marathon, on 10 April 1896 (a male-only race), was Spyridon Louis, a Greek water-carrier, in 2 hours 58 minutes and 50 seconds. The marathon of the 2004 Summer Olympics was run on the traditional route from Marathon to Athens, ending at Panathinaiko Stadium, the venue for the 1896 Summer Olympics. That men's marathon was won by Italian Stefano Baldini in 2 hours 10 minutes and 55 seconds, a record time for this route until the non-Olympics Athens Classic Marathon of 2014, when Felix Kandie lowered the course record to 2 hours 10 minutes and 37 seconds.","Given this paragraph about the history of the marathon, who won the first official olympic marathon.",
classification,,"Which of the following are writing implements: pen, fine line markers, tiles, morning glories, alcohol markers, mechanical pencils, jugs, sand, ocean salt water, towel",
closed_qa,"The Vietnam War (also known by other names) was a conflict in Vietnam, Laos, and Cambodia from 1 November 1955 to the fall of Saigon on 30 April 1975. It was the second of the Indochina Wars and was officially fought between North Vietnam and South Vietnam",When did the Vietnam War Start?,
open_qa,,Who is the greatest Russian writer?,
closed_qa,"The Flex Computer System was developed by Michael Foster and Ian Currie of Royal Signals and Radar Establishment in Malvern, England, during the late 1970s and 1980s. It used a tagged storage scheme to implement a capability architecture, and was designed for the safe and efficient implementation of strongly typed procedures.","Given this reference text about the Flex Computer System, why was it created?",
brainstorming,,Give me some ideas to manage my manager.,
general_qa,,"Summarise the following text using different wording than in the original: ""A well-known Russian military blogger was killed in an explosion at a cafe in St. Petersburg on Sunday, officials said, in what appeared to be an audacious attack on a high-profile pro-Kremlin figure. Vladlen Tatarsky died when a blast tore through the cafe where he was appearing as a guest of a pro-war group called Cyber Front Z. Authorities said they were treating the case as suspected murder. Twenty-five other people were injured in the blast, 19 of whom were hospitalized, the city’s governor said. The Russian Ministry of Health said six people were in critical condition. Investigators were questioning everyone who was inside the cafe, state media reported. Photos of the scene showed extensive damage to the building in which the cafe was located.""",
open_qa,,How do I build a campfire?,
open_qa,,What is a birdie in Golf,
open_qa,,What is Passover?,
open_qa,,Alfred White was a famous author under which name,
summarization,"Beginning in 1925, Roosevelt spent most of his time in the Southern United States, at first on his houseboat, the Larooco. Intrigued by the potential benefits of hydrotherapy, he established a rehabilitation center at Warm Springs, Georgia, in 1926. To create the rehabilitation center, he assembled a staff of physical therapists and used most of his inheritance to purchase the Merriweather Inn. In 1938, he founded the National Foundation for Infantile Paralysis, leading to the development of polio vaccines.",Summarize Roosevelt's accomplishments described in this paragraph.,
information_extraction,"StarCraft is a real-time strategy video game developed and published by Blizzard Entertainment for Microsoft Windows. The first installment of the video game series of the same name, it was released in 1998. A Classic Mac OS version was released in 1999, and a Nintendo 64 port co-developed with Mass Media and published by Nintendo was released in 2000.

Blizzard started work on the game shortly after Warcraft II, another real-time strategy game, was released in 1995. The first incarnation debuted at the 1996 Electronic Entertainment Expo, where it was unfavorably compared to Warcraft II. As a result, the project was entirely overhauled before being showcased to the public in early 1997, at which time it received a far more positive response. The game's multiplayer is particularly popular in South Korea, where players and teams participate in professional competitions, earn sponsorships, and compete in televised tournaments.

Set in a fictitious future timeline during the 25th century AD in a distant part of the Milky Way galaxy known as the Koprulu Sector, the game revolves around three intelligent species fighting for dominance: the Terrans are humans exiled from Earth who are now skilled at adapting to any situation; the Zerg are a race of insectoid aliens in pursuit of genetic perfection and obsessed with assimilating other races; the Protoss are a humanoid species with advanced technology and psionic abilities who are attempting to preserve their civilization and strict philosophy about their way of life from the Zerg.

Many journalists of the video game industry have praised StarCraft as one of the most important, and one of the greatest video games of all time. The game is also said to have raised the bar for developing real-time strategy (RTS) games. With more than 11 million copies sold worldwide by February 2009, StarCraft became one of the best-selling games for the personal computer. It has been praised for pioneering the use of unique factions in RTS gameplay, and for having a compelling story.

StarCraft has had its storyline adapted and expanded through a series of novels published between 2000 and 2016, the expansion pack StarCraft: Brood War, and two officially authorized add-ons, Insurrection and Retribution. A sequel, StarCraft II: Wings of Liberty, was released in July 2010, along with two expansion packs and a campaign pack between 2013 and 2016, while a remastered edition of the original and its expansion pack was released in August 2017. The original game, along with the expansion, was released for free in April 2017.",Tell me about StarCraft.,
information_extraction,"Conisbrough Castle is a medieval fortification in Conisbrough, South Yorkshire, England. The castle was initially built in the 11th century by William de Warenne, the Earl of Surrey, after the Norman conquest of England in 1066. Hamelin Plantagenet, the illegitimate, parvenu brother of Henry II, acquired the property by marriage in the late 12th century. Hamelin and his son William rebuilt the castle in stone, including its prominent 28-metre (92 ft)-high keep. The castle remained in the family line into the 14th century, despite being seized several times by the Crown. The fortification was then given to Edmund of Langley, passing back into royal ownership in 1461.",Extract all of the names of people mentioned in this paragraph and list them using bullets in the format {Name},
classification,,"Identify which instrument is string or percussion: Tan-tan, Ruan",
summarization,"Edward M. Gramlich (June 18, 1939 – September 5, 2007) was an American economist who served as a member of the Federal Reserve Board of Governors from 1997 to 2005. Gramlich was also an acting director of the Congressional Budget Office.

Gramlich graduated from Williams College in 1961 and received a master's degree in 1962 and a Ph.D. in economics in 1965 from Yale University. He joined the Federal Reserve as a research economist from 1965 to 1970, and was a senior fellow at the Brookings Institution from 1973 to 1976. He then taught economics and public policy at the University of Michigan from 1976 to 1997, including a term as dean of the Gerald R. Ford School of Public Policy, and returned to Michigan as a professor in 2005.",Who was Edward Gramlich,
brainstorming,,What are three ways of drying clothes.,
open_qa,,"What US embassy was abandoned on April 12th, 1975",
brainstorming,,Give me a list of the top clean beauty brands for women in their 20s,
brainstorming,,List five items you would need to survive in the wilderness.,
information_extraction,"Swiftwater is an unincorporated community in Pocono Township, Monroe County, Pennsylvania, United States.

The community is located within the Paradise Creek Watershed. Upper Swiftwater creek is designated by the PA DEP as exceptional value waters (EV). The community of Swiftwater is located within and around unique topographic features in the Poconos, which encompass the Pocono Plateau Escarpment. Land use consists of 70% forested land, 14% low density residential, 13.6% agricultural lands and approximately 2.4% wetlands. The acres of forested land are nearby to State Game Lands, an important bird area, which support beaver, raccoon, gray, fox, coyote, and mink, and Snow Shoe Hares.

In 1897 Richard Slee created the Pocono Biological Laboratories in Swiftwater. Swiftwater is home to the biggest flu vaccine plant in the United States.

Swiftwater is also the home of the Pocono Cheesecake Factory, located on SR 611.[citation needed]",How much of the land of Swiftwater community is forested land and how much of it is wetland?,
summarization,"Bryan Guy Adams OC OBC FRPS (born November 5, 1959) is a Canadian musician, singer, songwriter, composer, and photographer. He has been cited as one of the best-selling music artists of all time, and is estimated to have sold between 75 million and more than 100 million records and singles worldwide. Adams was the most played artist on Canadian radio in the 2010s and has had 25 top-15 singles in Canada and a dozen or more in each of the US, UK, and Australia.",Who is Bryan Adams,
general_qa,,Why is American Football popular?,
information_extraction,"Southeast Asia, also spelled South East Asia and South-East Asia, and also known as Southeastern Asia, South-eastern Asia or SEA, is the geographical south-eastern region of Asia, consisting of the regions that are situated south of mainland China, east of the Indian subcontinent, and north-west of mainland Australia which is part of Oceania. Southeast Asia is bordered to the north by East Asia, to the west by South Asia and the Bay of Bengal, to the east by Oceania and the Pacific Ocean, and to the south by Australia and the Indian Ocean. Apart from the British Indian Ocean Territory and two out of 26 atolls of Maldives in South Asia, Maritime Southeast Asia is the only other subregion of Asia that lies partly within the Southern Hemisphere. Mainland Southeast Asia is completely in the Northern Hemisphere. Timor-Leste and the southern portion of Indonesia are the only parts in Southeast Asia that are south of the Equator.","From the passage provided, extract the different bordering regions to Southeast Asia",
open_qa,,What did the 0 say to the 8?,
open_qa,,What is a stock?,
summarization,"On March 27, 2023, a mass shooting occurred at The Covenant School, a private Presbyterian Church in America parochial school in the Green Hills neighborhood of Nashville, Tennessee. Local resident and former student of the school Aiden Hale (formerly Audrey Elizabeth Hale) killed three children and three adults. Hale, 28, was killed by two Metropolitan Nashville Police Department officers responding to the incident.

Hale was initially reported to be a woman and referred to by his birth name by police. Later, it was confirmed that Hale was a trans man who went by the name Aiden and used he/him pronouns.

Hale drove a Honda Fit to the school, arriving at 9:54 a.m. CDT and parking it in the lot. At 9:57, Hale sent an Instagram message to an old friend saying an earlier post he made was ""basically a suicide note"" and that he planned to die that day. His friend called a crisis hotline before contacting the Davidson County Sheriff's Office at 10:13.

At 10:11, Hale shot through a set of glass side doors and entered the building. He was armed with two rifles and a pistol. At 10:13, police received a call about an active shooter. He walked across the second floor of the school before opening fire. He fired into several classrooms; no one in the classrooms was injured because the teachers had fortified doors and sheltered the students. The police first arrived at the school at 10:24. A teacher told an officer that the students were in lockdown and two were missing.

Officers entered the building at 10:25 and they searched each room for Hale. They heard gunshots coming from the second floor. Five Metro Nashville police officers went upstairs and saw him in a lobby area, firing through a window at arriving police vehicles. Two of the officers fired four times each killing him at 10:27, 14 minutes after the initial 911 call was made",Please give me a short bulleted list of what happened in the 2023 Covenant School shooting incident,
open_qa,,"In the United States, what type of degree is typically earned before starting graduate school?",
open_qa,,What is a knowledge base?,
closed_qa,"The longest documented and verified human lifespan is that of Jeanne Calment of France (1875–1997), a woman who lived to age 122 years and 164 days. She claimed to have met Vincent van Gogh when she was 12 or 13. She received news media attention in 1985, after turning 110. Calment's claim was investigated and authenticated by Jean-Marie Robine and Dr Michel Allard for the GRG. Her longevity claim was put into question in 2018, but the original assessing team stood by their judgement.","Given this paragraph about the longest living person, what was their name and when were they born?",
information_extraction,"Although the Sun appears to ""rise"" from the horizon, it is actually the Earth's motion that causes the Sun to appear. The illusion of a moving Sun results from Earth observers being in a rotating reference frame; this apparent motion caused many cultures to have mythologies and religions built around the geocentric model, which prevailed until astronomer Nicolaus Copernicus formulated his heliocentric model in the 16th century.
Astronomically, sunrise occurs for only an instant: the moment at which the upper limb of the Sun appears tangent to the horizon. However, the term sunrise commonly refers to periods of time both before and after this point:
Twilight, the period in the morning during which the sky is brightening, but the Sun is not yet visible. The beginning of morning twilight is called astronomical dawn.
The period after the Sun rises during which striking colors and atmospheric effects are still seen.
The timing of sunrise varies throughout the year and is also affected by the viewer's latitude and longitude, altitude, and time zone. These changes are driven by the axial tilt of Earth, daily rotation of the Earth, the planet's movement in its annual elliptical orbit around the Sun, and the Earth and Moon's paired revolutions around each other. The analemma can be used to make approximate predictions of the time of sunrise.
In late winter and spring, sunrise as seen from temperate latitudes occurs earlier each day, reaching its earliest time near the summer solstice; although the exact date varies by latitude. After this point, the time of sunrise gets later each day, reaching its latest sometime around the winter solstice. The offset between the dates of the solstice and the earliest or latest sunrise time is caused by the eccentricity of Earth's orbit and the tilt of its axis, and is described by the analemma, which can be used to predict the dates.
Variations in atmospheric refraction can alter the time of sunrise by changing its apparent position. Near the poles, the time-of-day variation is exaggerated, since the Sun crosses the horizon at a very shallow angle and thus rises more slowly.
Accounting for atmospheric refraction and measuring from the leading edge slightly increases the average duration of day relative to night. The sunrise equation, however, which is used to derive the time of sunrise and sunset, uses the Sun's physical center for calculation, neglecting atmospheric refraction and the non-zero angle subtended by the solar disc.","Extract from the following passage, the periods of time does sunrise refer to.",
classification,,"Are the following titles TV shows or movies: Seinfeld, Mash, Hogans Heroes, The Wizards of Waverly Place, and Friends.",
open_qa,,What are five words that rhyme with light?,
closed_qa,"The story begins only days after the conclusion of Taran Wanderer. With winter approaching, Taran and his companion Gurgi return from their wanderings to Caer Dallben after getting news from Kaw the crow that Princess Eilonwy has returned from the Isle of Mona. Indeed, they find her at home, along with her escort King Rhun of Mona and the former giant Glew, who had been magically restored to human size by a potion from Dallben.

Before Taran can propose to Eilonwy, the bard-king Fflewddur Fflam and his mount Llyan arrive with a gravely injured Gwydion, Prince of Don. Servants of Arawn had assaulted them and seized the magical black sword Dyrnwyn. Fflewddur also states that Taran was involved in the ambush, baffling everyone. With Achren's help, the truth is determined: Arawn himself has come from Annuvin to the verge of Caer Dallben in the guise of Taran, in order to lure Gwydion into the ambush.

Because Dyrnwyn may be pivotal as a threat to Arawn, Dallben consults the oracular pig Hen Wen to determine how it may be regained. During the reading, the ash rods used to communicate shatter and the two thirds of Hen Wen's answer are discouraging and vague. When Gwydion heals sufficiently, he sets out with Taran and others to meet with King Smoit. Gwydion insists that he alone should enter Annuvin to seek the sword, but Smoit's Cantrev Cadiffor is on the way. The small party divides, as Rhun and Eilonwy intend to visit the ships of Mona en route.

When Gwydion, Taran, and others reach Caer Cadarn, they are imprisoned by Magg, the treacherous former Chief Steward of Mona, who has entered service with Arawn and taken over the fortress. When Eilonwy approaches with the other party, she detects something amiss and they cautiously send Fflewddur Fflam to the fortress as a bard. After entertaining the soldiers for a night, he returns with the bad news. Then the companions encounter Gwystyl of the Fair Folk outside the stronghold, en route home after closing the waypost near Annuvin, personally bearing final observations to King Eiddileg about preparations for war by Arawn's forces. With Gwystyl's assistance and store of magical smokes, fires, and concealments, the companions break in and free the prisoners. The plan goes awry, however; King Smoit and his men are finally able to regain control only by Rhun's intervention, which costs his life.

Learning from Gwystyl of the activities in Annuvin, Gwydion turns from the quest for Dyrnwyn to planning for battle at Caer Dathyl. Gwystyl, Fflewddur, and Taran leave to gather support, respectively from the Fair Folk, the northern realms, and the Free Commots. Kaw, sent out by Taran to reconnoiter the enemy, is attacked by Gwythaints while spying near Annuvin, but manages to reach Medwyn, who asks all the creatures of air and land to oppose the forces of Arawn. Taran, Coll, Eilonwy, and Gurgi muster the Commots, who rally to their friendship with Taran, and sends them marching in groups to Caer Dathyl while the smiths and weavers rallied by Hevydd and Dwyvach work day and night to equip them.

Soon after Taran and the last Commots reach Caer Dathyl, King Pryderi arrives from the western realms. In council he announces his new allegiance to Arawn, for the good of all, because ""Arawn will do what the Sons of Don have failed to do: Make an end of endless wars among the cantrevs, and bring peace where there was none before."" He is rejected utterly but permitted to return unharmed to his army, and at the next day the battle begins. Although the Sons of Don and allies initially have the best of it, the Cauldron-Born arrive en masse before evening, overwhelming the allies and razing Caer Dathyl to the ground.

With High King Math killed, Gwydion is proclaimed the new High King. With the bulk of the Cauldron-Born deployed outside of Annuvin, Gwydion determines that the best chance is to attack while it is guarded by mortal men alone. He will lead the Sons of Don to waiting ships on the north coast and attack by sea, while Taran leads the Commots to delay the Cauldron-Born's return march, as their power wanes with time and distance from Annuvin.

Taran and his army are able to hold the tired Cauldron-Born warriors beyond arm's length by brute force, and turn the march from a straight and easy route into the rugged hills, although Coll dies in battle. Thanks to a company of Fair Folk, and to the animals sent by Medwyn, they destroy most of the Huntsmen who accompany and lead the undead. At last the Cauldron-Born break free of the hills and return to the lowland route. Regaining strength as they near Annuvin, it would be futile for the exhausted allies to meet them head-on again, so inevitably they take the long, easy route to Arawn's stronghold.

Taran and the remainder of his army finally reach Annuvin by a combination of the direct route, a mountain path of Doli's, and a secret pass over Mount Dragon shown to them by Achren. Taran sees that victory is nearly in Gwydion's hands, but also that the Cauldron-Born are about to reach Annuvin. In his alarm, Taran nearly falls off Mount Dragon, but is saved by the now-grown Gwythaint he had rescued so many years ago (The Book of Three). In a desperate attempt to fight off a group of Cauldron-Born who have discovered him on the mountain, he rolls a rock at them, and discovers Dyrnwyn in the hollow the stone occupied. Wielding Dyrnwyn, Taran slays the undead warrior who approaches to slay him, and at that instant all of the Cauldron-Born die as one.

Taran's group enters the fray, and the battle continues through the halls of Annuvin. Taran is almost deceived by Arawn - who has taken the guise of Gwydion - into giving up the sword. After the chaotic defeat of Arawn's forces, the companions gather before the Great Hall. Achren identifies Arawn in the form of a nearby serpent preparing to strike Taran and grabs him. He strikes her fatally, but Taran kills him with Dyrnwyn. With the death of Arawn, the stronghold of Annuvin bursts in flame and falls in ruins, destroying all of the magical implements inside; only Gurgi manages to save several scrolls containing knowledge of farming, smithing, and other crafts. The sword Dyrnwyn begins to fade, losing its magic.

The allies travel to Caer Dallben, where Gwydion tells them that in victory the Sons of Don, with all kinsmen and kinswomen, must return to the Summer Country. Indeed, all those who still have magic will depart, and the Fair Folk and Medwyn have closed their realms to outsiders. Dallben and Eilonwy must also go, and others who have served well, Taran among them, are given the chance to accompany them. Taran proposes to Eilonwy at last, and she accepts.

The Sons of Don plan to leave the next day. However, Taran becomes uncomfortable about his decision overnight. The witches Orddu, Orwen and Orgoch appear before him and reveal that they too are departing, and leave him with an unfinished tapestry depicting his life. He realizes there is much work to be done to rebuild Prydain, and he has made many promises; so he determines to remain behind. Eilonwy is able to willingly give up her magical nature in order to remain with him, and the two are married.

Dallben reveals that with this last quest, Taran has completed a path prophesied in the Book of Three whereby an orphan of ""no station in life"" would succeed the Sons of Don as High King. Dallben had traveled to seek such a one and try to hasten the day of Arawn's defeat; on this journey, he found a baby, hidden in the trees beside a battlefield and without any token of parentage, and took it in under the name Taran. Taran receives many gifts, including The Book of Three itself, although its powers, like all magic in Prydain, have also faded away with Arawn's demise, leaving it only as a mere chronicle of Taran's life. With Eilonwy by his side, Taran accepts his new responsibility and is hailed by his friends and battle companions as the new High King.","In this reference text summarizing plot of the book The High King, how did the sword Dyrnwyn lose its power?",
classification,,"Identify which animal species is alive or extinct: Livyatan, Mountain Gorilla",
open_qa,,What is an octave?,
open_qa,,Which Australia Rules Football team has won the most grand finals?,
information_extraction,"Charles Awotwi Pratt was a Ghanaian theologian and priest. He served as the fourth chairman of the Methodist Church Ghana from 1977 to 1981. He was the father of the Titus Awotwi Pratt, the Presiding Bishop of the Methodist Church Ghana from 2014 to 2018.",Whos is Charles Awotwi Pratt?,
brainstorming,,What are some of the best movies for kids?,
open_qa,,How many cats did Freddie Mercury have?,
open_qa,,What coloring of cat is usually almost always female?,
closed_qa,"Cisco Systems, Inc., commonly known as Cisco, is an American-based multinational digital communications technology conglomerate corporation headquartered in San Jose, California. Cisco develops, manufactures, and sells networking hardware, software, telecommunications equipment and other high-technology services and products. Cisco specializes in specific tech markets, such as the Internet of Things (IoT), domain security, videoconferencing, and energy management with leading products including Webex, OpenDNS, Jabber, Duo Security, and Jasper. Cisco is one of the largest technology companies in the world ranking 74 on the Fortune 100 with over $51 billion in revenue and nearly 80,000 employees.","What is Cisco's formal company name, where is their headquarters, and how many employees are there in the company?",
brainstorming,,How many days is enough to vacation in Belgium?,
open_qa,,How spicy is the hottest peppers,
open_qa,,Where is Meherpur Sadar,
classification,,"Tell me whether these countries belong to the EU or not: Greece, United Kingdom, Turkey, Ukraine, France, Italy, Spain",
classification,,"All planets in our solar system rotate on their axis either in a clockwise or anti-clockwise direction. Tell me which planets have clockwise rotation, and which have anti-clockwise rotations. The planets are: Mercury, Venus, Earth, Mars, Jupiter, Saturn, Uranus, and Neptune.",
summarization,"Skateboarding is an action sport originating in the United States that involves riding and performing tricks using a skateboard, as well as a recreational activity, an art form, an entertainment industry job, and a method of transportation. Skateboarding has been shaped and influenced by many skateboarders throughout the years. A 2009 report found that the skateboarding market is worth an estimated $4.8 billion in annual revenue, with 11.08 million active skateboarders in the world.",Without quoting directly from the text give me a summary of what skateboarding is.,
brainstorming,,Give me a list of 10 airlines from around the world.,
brainstorming,,Ideas on how to cure my dog's red paws.,
general_qa,,What makes a good parent?,
classification,,"Classify the animals based on their food habits into Herbivores or Carnivores.
Jackal, Hyena, Zebra, Giraffe",
open_qa,,Who won man booker International prize 2018?,
classification,,Tell me about the various road types in USA?,
classification,,Which is a species of fish? Silver hake or Silverback,
summarization,"Marvel counts among its characters such well-known superheroes as Spider-Man, Iron Man, Captain America, Thor, Doctor Strange, Hulk, Daredevil, Wolverine, Black Panther and Captain Marvel, as well as popular superhero teams such as the Avengers, X-Men, Fantastic Four, and Guardians of the Galaxy. Its stable of well-known supervillains includes the likes of Doctor Doom, Magneto, Ultron, Thanos, Kang the Conqueror, Green Goblin, Galactus, Loki, and Kingpin. Most of Marvel's fictional characters operate in a single reality known as the Marvel Universe, with most locations mirroring real-life places; many major characters are based in New York City, New York, United States. Additionally, Marvel has published several licensed properties from other companies. This includes Star Wars comics twice from 1977 to 1986 and again since 2015.",Give me some of the most famous characters Marvel Comics has produced from this list.,
open_qa,,Who did the French national football team play against in the last 3 matches of the 2018 World Cup and how did the matches turn out?,
creative_writing,,Write a recipe for making garlic mashed potatoes which goes through step by step.,
brainstorming,,What are four different recipes that you can make with Brussels Sprouts?,
information_extraction,"Long before any knowledge of electricity existed, people were aware of shocks from electric fish. Ancient Egyptian texts dating from 2750 BCE referred to these fish as the ""Thunderer of the Nile"", and described them as the ""protectors"" of all other fish. Electric fish were again reported millennia later by ancient Greek, Roman and Arabic naturalists and physicians. Several ancient writers, such as Pliny the Elder and Scribonius Largus, attested to the numbing effect of electric shocks delivered by electric catfish and electric rays, and knew that such shocks could travel along conducting objects. Patients with ailments such as gout or headache were directed to touch electric fish in the hope that the powerful jolt might cure them.
Ancient cultures around the Mediterranean knew that certain objects, such as rods of amber, could be rubbed with cat's fur to attract light objects like feathers. Thales of Miletus made a series of observations on static electricity around 600 BCE, from which he believed that friction rendered amber magnetic, in contrast to minerals such as magnetite, which needed no rubbing.
Thales was incorrect in believing the attraction was due to a magnetic effect, but later science would prove a link between magnetism and electricity. According to a controversial theory, the Parthians may have had knowledge of electroplating, based on the 1936 discovery of the Baghdad Battery, which resembles a galvanic cell, though it is uncertain whether the artifact was electrical in nature.
Electricity would remain little more than an intellectual curiosity for millennia until 1600, when the English scientist William Gilbert wrote De Magnete, in which he made a careful study of electricity and magnetism, distinguishing the lodestone effect from static electricity produced by rubbing amber. He coined the New Latin word electricus (""of amber"" or ""like amber"",, elektron, the Greek word for ""amber"") to refer to the property of attracting small objects after being rubbed. This association gave rise to the English words ""electric"" and ""electricity"", which made their first appearance in print in Thomas Browne's Pseudodoxia Epidemica of 1646.
Further work was conducted in the 17th and early 18th centuries by Otto von Guericke, Robert Boyle, Stephen Gray and C. F. du Fay. Later in the 18th century, Benjamin Franklin conducted extensive research in electricity, selling his possessions to fund his work. In June 1752 he is reputed to have attached a metal key to the bottom of a dampened kite string and flown the kite in a storm-threatened sky. A succession of sparks jumping from the key to the back of his hand showed that lightning was indeed electrical in nature. He also explained the apparently paradoxical behavior of the Leyden jar as a device for storing large amounts of electrical charge in terms of electricity consisting of both positive and negative charges
In 1775, Hugh Williamson reported a series of experiments to the Royal Society on the shocks delivered by the electric eel; that same year the surgeon and anatomist John Hunter described the structure of the fish's electric organs. In 1791, Luigi Galvani published his discovery of bioelectromagnetics, demonstrating that electricity was the medium by which neurons passed signals to the muscles. Alessandro Volta's battery, or voltaic pile, of 1800, made from alternating layers of zinc and copper, provided scientists with a more reliable source of electrical energy than the electrostatic machines previously used. The recognition of electromagnetism, the unity of electric and magnetic phenomena, is due to Hans Christian Ørsted and André-Marie Ampère in 1819–1820. Michael Faraday invented the electric motor in 1821, and Georg Ohm mathematically analysed the electrical circuit in 1827. Electricity and magnetism (and light) were definitively linked by James Clerk Maxwell, in particular in his ""On Physical Lines of Force"" in 1861 and 1862. 
While the early 19th century had seen rapid progress in electrical science, the late 19th century would see the greatest progress in electrical engineering. Through such people as Alexander Graham Bell, Ottó Bláthy, Thomas Edison, Galileo Ferraris, Oliver Heaviside, Ányos Jedlik, William Thomson, 1st Baron Kelvin, Charles Algernon Parsons, Werner von Siemens, Joseph Swan, Reginald Fessenden, Nikola Tesla and George Westinghouse, electricity turned from a scientific curiosity into an essential tool for modern life.
In 1887, Heinrich Hertz discovered that electrodes illuminated with ultraviolet light create electric sparks more easily. In 1905, Albert Einstein published a paper that explained experimental data from the photoelectric effect as being the result of light energy being carried in discrete quantized packets, energising electrons. This discovery led to the quantum revolution. Einstein was awarded the Nobel Prize in Physics in 1921 for ""his discovery of the law of the photoelectric effect"". The photoelectric effect is also employed in photocells such as can be found in solar panels.
The first solid-state device was the ""cat's-whisker detector"" first used in the 1900s in radio receivers. A whisker-like wire is placed lightly in contact with a solid crystal (such as a germanium crystal) to detect a radio signal by the contact junction effect. In a solid-state component, the current is confined to solid elements and compounds engineered specifically to switch and amplify it. Current flow can be understood in two forms: as negatively charged electrons, and as positively charged electron deficiencies called holes. These charges and holes are understood in terms of quantum physics. The building material is most often a crystalline semiconductor.
Solid-state electronics came into its own with the emergence of transistor technology. The first working transistor, a germanium-based point-contact transistor, was invented by John Bardeen and Walter Houser Brattain at Bell Labs in 1947, followed by the bipolar junction transistor in 1948.",What did Michael Faraday and Georg Ohm do?,
closed_qa,"Lake Como (Italian: Lago di Como [ˈlaːɡo di ˈkɔːmo], locally [ˈkoːmo]; Western Lombard: Lagh de Còmm [ˈlɑː‿dːe ˈkɔm], Cómm [ˈkom] or Cùmm [ˈkum]), also known as Lario (Italian: [ˈlaːrjo]; after the Latin: Larius Lacus), is a lake of glacial origin in Lombardy, Italy. It has an area of 146 square kilometres (56 sq mi), making it the third-largest lake in Italy, after Lake Garda and Lake Maggiore. At over 400 metres (1,300 ft) deep, it is the fifth deepest lake in Europe, and the deepest outside Norway; the bottom of the lake is more than 200 metres (660 ft) below sea level.

Lake Como has been a popular retreat for aristocrats and wealthy people since Roman times, and a very popular tourist attraction with many artistic and cultural gems. It has many villas and palaces such as Villa Olmo, Villa Serbelloni, and Villa Carlotta. Many famous people have had and have homes on the shores of Lake Como.

One of its particularities is its ""Y"" shape, which forms the ""Larian Triangle"", with the little town of Canzo as its capital.

In 2014, The Huffington Post called it the most beautiful lake in the world for its microclimate and environment with prestigious villas and villages",Where is Lake Como located?,
creative_writing,,Who are the avengers?,
classification,,"I'm really good at maths but not great at science, which of the following educational courses would I be more likely to succeed with? algebra, biology, matrices, probability, statistics, geology, and chemistry.",
summarization,"Morocco's official languages are Arabic and Berber. The country's distinctive group of Moroccan Arabic dialects is referred to as Darija. Approximately 89.8% of the whole population can communicate to some degree in Moroccan Arabic. The Berber language is spoken in three dialects (Tarifit, Tashelhit and Central Atlas Tamazight). In 2008, Frédéric Deroche estimated that there were 12 million Berber speakers, making up about 40% of the population. The 2004 population census reported that 28.1% of the population spoke Berber.

French is widely used in governmental institutions, media, mid-size and large companies, international commerce with French-speaking countries, and often in international diplomacy. French is taught as an obligatory language in all schools. In 2010, there were 10,366,000 French-speakers in Morocco, or about 32% of the population.",Which languages are spoken in Morocco,
brainstorming,,Suggest 5 horror films to me,
open_qa,,What is the difference between a shrub and a tree?,
open_qa,,What is Accrued income security,
classification,,"Identify which instrument is string or woodwind: Spinet, Caval",
open_qa,,What is the relationship between interest rates and the economy?,
open_qa,,What is the capital of Texas?,
open_qa,,What is India's rank in Global Gender Gap Index 2022,
general_qa,,What started WW2?,
open_qa,,Who were the Sumerians?,
classification,,"Classify these as animals or vehicles: helicopter, car, sheep, dog, bike, bus, van, tiger, cat, llama, deer, tractor, airplane, ship, rabbit, snake",
classification,,"Which of the followings are Chinese martial arts? Tai chi, Shaolin, Wing chun, Boxing, Taekwondo, Karate",
open_qa,,What is archaeology?,
classification,,"I'm researching suburbs in the city of Brisbane. Please tell me which suburbs are north of the Brisbane River, and which are on the south. Annerley, Albion, West End, Kangaroo Point, Greenslopes, Windsor, Hamilton, Nundah, Cannon Hill, Kelvin Grove, Toowong, Milton",
closed_qa,"The son of Checochinican (Chickoconecon), chief of the Fish Clan of the Turtle tribe, Nemacolin was born near the Brandywine Creek, probably close to the Swedish trading post at Fort Christina that later became Wilmington, Delaware. By a treaty with William Penn in 1726, various tribes either rented or gave up their land on both sides of Brandywine Creek. Nemacolin likely grew up near Shamokin, Pennsylvania, a village near the Susquehanna River to which the Delaware had retreated when faced with disease and colonization of their traditional lands by white settlers. His family grew to know trader Thomas Cresap, and moved south and west with the Cresap family, likely after a controversy between groups of settlers aligned with the colonies of Maryland and Pennsylvania known as Cresap's War.

Circa 1750, Cresap received instructions to improve the Native American path across the Appalachian Mountains through the Cumberland Narrows. He hired Nemacolin and his two sons, among others, to complete the task between Will's Creek (a trading post on a tributary of the Potomac River later the site of Fort Cumberland) and the mouth of Redstone Creek on the Monongahela River (a tributary of the Ohio River) which later became Redstone Old Fort and even later Brownsville, Pennsylvania. A side trail led to the residence of Christopher Gist. Gist led George Washington along Nemacolin's Path in 1753 and 1754. It was later improved to permit supply wagons for General Edward Braddock's army, and the General ultimately died on the route in 1755 after the disastrous Battle of the Monongahela near present day Pittsburgh. About 1759, as the war ended, Nemocolin reblazed the path to the residence of James Burd which became Fort Burd and later renamed Redstone Old Fort. Another branch went to Uniontown, Pennsylvania.","Given the biography of Nemacolin, what years did George Washington use Nemacolin's Path?",
closed_qa,"Pandora is a female Mexican singing trio. The trio was formed in 1981 under the name Trebol by sisters Isabel Lascurain and Mayte Lascurain and their cousin Fernanda Meade. The trio was renamed ""Pandora"" upon signing with EMI Records in 1984.","Given this paragraph about Pandora, what was the initial group name of Pandora musical group?",
open_qa,,What is molecular biology?,
open_qa,,Who are the last 10 Masters Champions?,
creative_writing,,I need some ideas for a first date.,
brainstorming,,Give me a list of things I can do with my apple iwatch,
open_qa,,Who invented the game of basketball?,
summarization,"Designed to supplement Disneyland in Anaheim, California, which had opened in 1955, the complex was developed by Walt Disney in the 1960s. ""The Florida Project"", as it was known, was intended to present a distinct vision with its own diverse set of attractions. Walt Disney's original plans also called for the inclusion of an ""Experimental Prototype Community of Tomorrow"" (EPCOT), a planned community intended to serve as a testbed for new city-living innovations. Walt Disney died on December 15, 1966, during the initial planning of the complex. After his death, the company wrestled with the idea of whether to bring the Disney World project to fruition; however, Walt's older brother, Roy O. Disney, came out of retirement to make sure Walt's biggest dream was realized. Construction started in 1967, with the company instead building a resort similar to Disneyland, abandoning the experimental concepts for a planned community. The Magic Kingdom was the first theme park to open in the complex, in 1971, followed by Epcot (1982), Disney's Hollywood Studios (1989), and Disney's Animal Kingdom (1998). It was Roy who insisted the name of the entire complex be changed from Disney World to Walt Disney World, ensuring that people would remember that the project was Walt's dream.",Give me a brief history of the construction of Walt Disney World,
open_qa,,What are the primary causes of inflation?,
classification,,"Would each of the following conditions be good or bad for a bike ride? Pouring rain, sunny skies, hail, cloudy day, dense fog, heavy wind, light breeze.",
classification,,"Which of the following numbers are odd and which are even: 1, 35, 72, 64, 103, 29, 16, 41, 22",
creative_writing,,Write a letter to my mum and dad detailing the reasons why they should buy me a pet tortoise,
closed_qa,"Boom 1980–1987
In the 1980s a form of AI program called ""expert systems"" was adopted by corporations around the world and knowledge became the focus of mainstream AI research. In those same years, the Japanese government aggressively funded AI with its fifth generation computer project. Another encouraging event in the early 1980s was the revival of connectionism in the work of John Hopfield and David Rumelhart. Once again, AI had achieved success.

The rise of expert systems
An expert system is a program that answers questions or solves problems about a specific domain of knowledge, using logical rules that are derived from the knowledge of experts. The earliest examples were developed by Edward Feigenbaum and his students. Dendral, begun in 1965, identified compounds from spectrometer readings. MYCIN, developed in 1972, diagnosed infectious blood diseases. They demonstrated the feasibility of the approach.

Expert systems restricted themselves to a small domain of specific knowledge (thus avoiding the commonsense knowledge problem) and their simple design made it relatively easy for programs to be built and then modified once they were in place. All in all, the programs proved to be useful: something that AI had not been able to achieve up to this point.

In 1980, an expert system called XCON was completed at CMU for the Digital Equipment Corporation. It was an enormous success: it was saving the company 40 million dollars annually by 1986. Corporations around the world began to develop and deploy expert systems and by 1985 they were spending over a billion dollars on AI, most of it to in-house AI departments. An industry grew up to support them, including hardware companies like Symbolics and Lisp Machines and software companies such as IntelliCorp and Aion.","What is an expert system, and when did they first emerge?",
classification,,"are these seas or oceans?
atlantic
indian
caspian
red
arabian
pacific
baltic
yellow
southern",
summarization,"Church was born on May 3, 1977, in Granite Falls, North Carolina (Dudley Shoals area), to Ken and Rita Church. Church worked with his father at Clayton Marcus, a furniture upholstery company where his father was president. At 13, he bought a guitar and began writing songs of his own. By his senior year of high school, he had found a gig at a local bar, which occupied most of his time. He played many Jimmy Buffett cover songs and a few of his own original songs in some dive bars. Some of these places were so rough that he got into a few altercations from the stage. For a few years, the band played often in bars and restaurants throughout North Carolina.[citation needed] The band ""Mountain Boys"" consisted of his college roommate, brother, and a fellow guitarist.

Before moving to Nashville, Eric graduated from South Caldwell High School and then Appalachian State University with a degree in marketing. Upon graduation, Church became engaged to a Spanish teacher in the town of Lenoir, North Carolina. The future bride's father attempted to persuade Church into a corporate career, which he rejected as an aspiring musician (and later referenced in his song ""What I Almost Was"" from his debut album). She broke the engagement and he headed to Nashville with his father's financial backing. His father also provided the opportunity to make contacts, and more importantly, time to focus on developing his songwriting ability.[citation needed]",Where was Eric Church born?,
closed_qa,"The Legend of Zelda, originally released in Japan as The Hyrule Fantasy: Zelda no Densetsu, is a 1986 action-adventure game developed and published by Nintendo. The first game of The Legend of Zelda series, it is set in the fantasy land of Hyrule and centers on an elf-like boy named Link, who aims to collect the eight fragments of the Triforce of Wisdom in order to rescue Princess Zelda from the antagonist Ganon. During the course of the game, the player controls Link from a top-down perspective and navigates throughout the overworld and dungeons, collecting weapons, defeating enemies and uncovering secrets along the way.","Given this paragraph about video games, when was the Legend of Zelda originally released?",
closed_qa,"Wall was born on the Navajo Nation in Ganado, Arizona, to James and Joan (née Hamilton) Wall. His parents converted to Catholicism after coming into contact with two Franciscan friars. One of six children, he has three sisters and two brothers. Wall graduated from Chandler High School in Chandler, Arizona, in 1983 and attended Arizona State University, obtaining a bachelor's degree in history in 1993.",How many children did James S. Wall have?,
closed_qa,"The C40 went on to win 5 editions of Paris-Roubaix in 6 years. Surpringly, the victory of Tadej Pogačar in the 2020 edition of the Tour de France marked the first time a Colnago-branded bicycle was ridden by the overall classification winner, since Merckx's victories were aboard re-branded bikes.","Given the paragraph about the Colnago C40, in which year was a Colnago-branded bicycle first ridden by the overall classification winner in the Tour de France?",
brainstorming,,"I want to write a some new articles for my data blog, can you give me some snappy ideas?",
open_qa,,What is the tallest building in Chicago?,
classification,,"Which of these is an electronic device? Ipad, TV, Rock, Laptop, Tree.",
general_qa,,Why did Kim Kardashian and Ye divorce?,
open_qa,,What is a bunk bed?,
open_qa,,Name five cities in the state of Texas.,
open_qa,,"I'm a vegan and traveling to new york city next month, can you suggest some vegan restaurants that i can eat at during my trip?",
summarization,"Qubes OS is a desktop operating system based around the Xen hypervisor that allows grouping programs into a number of isolated sandboxes (virtual machines) to provide security. Windows for programs running within these sandboxes (""security domains"") can be color coded for easy recognition. The security domains are configurable, they can be transient (changes to the file system will not be preserved), and their network connection can be routed through special virtual machines (for example one that only provides Tor networking). The operating system provides secure mechanisms for copy and paste and for copying files between the security domains.",Is there a secure desktop operating system I can use today?,
open_qa,,What is physical security?,
information_extraction,"The Kawasaki KX 500 is a 499 cc (30.5 cu in) two-stroke single motocross motorcycle made by Kawasaki from 1983 until 2004.

The Kawasaki KX500 was developed as an air-cooled 500cc motocross bike for competition in the 500cc and Open-Class of motocross. At the time of its release, several top manufactured sported entries in this class, including Yamaha, Suzuki, Honda and the class-leading Maico.

Kawasaki developed the bike on an annual basis through the 80's. The addition of liquid cooling in 1985, a new frame with improved suspension in 1987, engine updates in 1988 and reversed forks in 1990 highlight these revisions.

Kawasaki would take several years to produce a competitive bike, and when it finally did, would find the KX500 winning in events for which it was not initially designed for. Its first victories came in 1986, when Donnie Griewe won two National Hare and Hound events. These only foreshadowed Kawasaki's dominance in distance and desert racing that exploded in the 90's.

In 1989 Kawasaki captures its first National MX championship on a KX500, repeating in '90 and '92 before the series was discontinued at the close of the '93 season. But that would not be the end of the KX500's racing legacy.

Beginning in 1992, the KX500 took the victory in every Desert Nationals race through 1995, and continued to win the Desert Nationals Championship every year though 2001. It further cemented its legendary dominance in desert racing by being the victors bike at the Baja 1000 from 1988 through 1996.","Extract from the text the events won by the Kawasaki KX 500 motorcycle, and separate them by a comma.",
classification,,"Identify which animal species is alive or extinct: Elasmosaurus, Blue Whale",
closed_qa,"Food historian Lois Ellen Frank calls potatoes, tomatoes, corn, beans, squash, chili, cacao, and vanilla the ""magic eight"" ingredients that were found and used only in the Americas before 1492 and were taken via the Columbian Exchange back to the Old World, dramatically transforming the cuisine there. According to Frank,
If we deconstruct that these foods were inherently native, then that means that the Italians didn't have the tomato, the Irish didn't have the potato, half the British National Dish—Fish and Chips—didn't exist. The Russians didn't have the potato, nor did they have vodka from the potato. There were no chiles in any Asian cuisine anywhere in the world, nor were there any chiles in any East Indian cuisine dishes, including curries. And the French had no confection using either vanilla or chocolate. So the Old World was a completely different place.",Spanish patatas bravas are potatoes served with a red sauce made with tomatoes and chilis. Could patatas bravas have existed in 1490?,
summarization,"La Révolution française est une période de bouleversements sociaux et politiques de grande envergure en France, dans ses colonies et en Europe à la fin du xviiie siècle. La période habituellement comprise s'étend entre l'ouverture des États généraux, le 5 mai 1789, et au plus tard le coup d'État de Napoléon Bonaparte le 9 novembre 1799 (18 brumaire de l'an VIII). Cette période de l'histoire de France a mis fin à l'Ancien Régime en remplaçant la monarchie absolue par une suite de régimes plus ou moins définis, dont la Première République un peu plus de trois ans après la prise de la Bastille.

La Révolution française a légué de toutes nouvelles formes politiques, notamment au travers de la Déclaration des droits de l'homme et du citoyen de 1789 qui proclame l'égalité des citoyens devant la loi, les libertés fondamentales, et la souveraineté de la Nation, et se constituant autour d'un État. « Mythe national », ses valeurs et les institutions de la Révolution dominent encore aujourd'hui la vie politique française. La Révolution a entraîné la suppression de la société d'ordres (féodalité, privilèges…), une plus grande division de la propriété foncière, la limitation de l'exercice du pouvoir politique, le rééquilibrage des relations entre l'Église et l'État et la redéfinition des structures familiales.

Elle fut marquée par des périodes de grande violence, notamment pendant la Terreur, dans le cadre de la tentative de contre-révolution de la guerre de Vendée, au cours de laquelle plusieurs centaines de milliers de personnes trouvèrent la mort, lors des insurrections fédéralistes ou dans le cadre de luttes entre factions révolutionnaires rivales, qui ont abouti à la mort successive des principales figures révolutionnaires.",Quel a été l'impact de la révolution française ?,
open_qa,,Who was given EY Entrepreneur of the year award 2020 ?,
open_qa,,What is the Oxford Comma?,
information_extraction,"KQKZ (92.1 FM ""Q92.1"") is a commercial radio station that is licensed to serve the community of Bakersfield, California. It is owned by Lotus Communications. Its studios are located in southwest Bakersfield, while its transmitter is located northeast of the city. It is a classic hits station branded Q92.1 (pronounced Q ninety-two-one).",Where can the transmitter for KQKZ be found?,
general_qa,,Where does Delta Lake store the data?,
closed_qa,"Brazilian jiu-jitsu was initially developed in 1925 by Brazilian brothers Carlos, Oswaldo, Gastão Jr., George, and Hélio Gracie, after Carlos was taught jiu-jitsu by a travelling Japanese judoka, Mitsuyo Maeda, who himself mastered his ground fighting while interacting with Taro Miyake (Tanabe student), Sadakazu Uyenishi (Handa, Tanabe) and Yukio Tani (Tenjin Shinyo-ryu) and catch wrestlers in Europe.","Given this paragraph about Jiu-Jitsu, who taught Carlos Gracie.",
brainstorming,,What are the best 10 high protein options to eat?,
general_qa,,I want to sketch with graphite pencils but am confused about the range of options. What do the pencil grades mean and how can they be used?,
closed_qa,"A large language model (LLM) is a language model consisting of a neural network with many parameters (typically billions of weights or more), trained on large quantities of unlabelled text using self-supervised learning. LLMs emerged around 2018 and perform well at a wide variety of tasks. This has shifted the focus of natural language processing research away from the previous paradigm of training specialized supervised models for specific tasks.

Properties
Though the term large language model has no formal definition, it often refers to deep learning models having a parameter count on the order of billions or more. LLMs are general purpose models which excel at a wide range of tasks, as opposed to being trained for one specific task (such as sentiment analysis, named entity recognition, or mathematical reasoning). The skill with which they accomplish tasks, and the range of tasks at which they are capable, seems to be a function of the amount of resources (data, parameter-size, computing power) devoted to them, in a way that is not dependent on additional breakthroughs in design.

Though trained on simple tasks along the lines of predicting the next word in a sentence, neural language models with sufficient training and parameter counts are found to capture much of the syntax and semantics of human language. In addition, large language models demonstrate considerable general knowledge about the world, and are able to ""memorize"" a great quantity of facts during training.

Hallucinations
Main article: Hallucination (artificial intelligence)
In artificial intelligence in general, and in large language models in particular, a ""hallucination"" is a confident response that does not seem to be justified by the model's training data.

Emergent abilities

On a number of natural language benchmarks involving tasks such as question answering, models perform no better than random chance until they reach a certain scale (in this case, measured by training computation), at which point their performance sharply increases. These are examples of emergent abilities.
Unpredictable abilities that have been observed in large language models but that were not present in simpler models (and that were not explicitly designed into the model) are usually called ""emergent abilities"". Researchers note that such abilities ""cannot be predicted simply by extrapolating the performance of smaller models"". These abilities are discovered rather than programmed-in or designed, in some cases only after the LLM has been publicly deployed. Hundreds of emergent abilities have been described. Examples include multi-step arithmetic, taking college-level exams, identifying the intended meaning of a word, chain-of-thought prompting, decoding the International Phonetic Alphabet, unscrambling a word’s letters, identifying offensive content in paragraphs of Hinglish (a combination of Hindi and English), and generating a similar English equivalent of Kiswahili proverbs.

Architecture and training
Large language models have most commonly used the transformer architecture, which, since 2018, has become the standard deep learning technique for sequential data (previously, recurrent architectures such as the LSTM were most common). LLMs are trained in an unsupervised manner on unannotated text. A left-to-right transformer is trained to maximize the probability assigned to the next word in the training data, given the previous context. Alternatively, an LLM may use a bidirectional transformer (as in the example of BERT), which assigns a probability distribution over words given access to both preceding and following context. In addition to the task of predicting the next word or ""filling in the blanks"", LLMs may be trained on auxiliary tasks which test their understanding of the data distribution such as Next Sentence Prediction (NSP), in which pairs of sentences are presented and the model must predict whether they appear side-by-side in the training corpus.

The earliest LLMs were trained on corpora having on the order of billions of words. The first model in OpenAI's GPT series was trained in 2018 on BookCorpus, consisting of 985 million words. In the same year, BERT was trained on a combination of BookCorpus and English Wikipedia, totalling 3.3 billion words. In the years since then, training corpora for LLMs have increased by orders of magnitude, reaching up to hundreds of billions or trillions of tokens.

LLMs are computationally expensive to train. A 2020 study estimated the cost of training a 1.5 billion parameter model (1-2 orders of magnitude smaller than the state of the art at the time) at $1.6 million.

A 2020 analysis found that neural language models' capability (as measured by training loss) increased smoothly in a power law relationship with number of parameters, quantity of training data, and computation used for training. These relationships were tested over a wide range of values (up to seven orders of magnitude) and no attenuation of the relationship was observed at the highest end of the range (including for network sizes up to trillions of parameters).

Application to downstream tasks
Between 2018 and 2020, the standard method for harnessing an LLM for a specific natural language processing (NLP) task was to fine tune the model with additional task-specific training. It has subsequently been found that more powerful LLMs such as GPT-3 can solve tasks without additional training via ""prompting"" techniques, in which the problem to be solved is presented to the model as a text prompt, possibly with some textual examples of similar problems and their solutions.

Fine-tuning
Main article: Fine-tuning (machine learning)
Fine-tuning is the practice of modifying an existing pretrained language model by training it (in a supervised fashion) on a specific task (e.g. sentiment analysis, named entity recognition, or part-of-speech tagging). It is a form of transfer learning. It generally involves the introduction of a new set of weights connecting the final layer of the language model to the output of the downstream task. The original weights of the language model may be ""frozen"", such that only the new layer of weights connecting them to the output are learned during training. Alternatively, the original weights may receive small updates (possibly with earlier layers frozen).

Prompting
See also: Prompt engineering and Few-shot learning (natural language processing)
In the prompting paradigm, popularized by GPT-3, the problem to be solved is formulated via a text prompt, which the model must solve by providing a completion (via inference). In ""few-shot prompting"", the prompt includes a small number of examples of similar (problem, solution) pairs. For example, a sentiment analysis task of labelling the sentiment of a movie review could be prompted as follows:

Review: This movie stinks.
Sentiment: negative

Review: This movie is fantastic!
Sentiment:

If the model outputs ""positive"", then it has correctly solved the task. In zero-shot prompting, no solve examples are provided. An example of a zero-shot prompt for the same sentiment analysis task would be ""The sentiment associated with the movie review 'This movie is fantastic!' is"".

Few-shot performance of LLMs has been shown to achieve competitive results on NLP tasks, sometimes surpassing prior state-of-the-art fine-tuning approaches. Examples of such NLP tasks are translation, question answering, cloze tasks, unscrambling words, and using a novel word in a sentence. The creation and optimisation of such prompts is called prompt engineering.

Instruction tuning
Instruction tuning is a form of fine-tuning designed to facilitate more natural and accurate zero-shot prompting interactions. Given a text input, a pretrained language model will generate a completion which matches the distribution of text on which it was trained. A naive language model given the prompt ""Write an essay about the main themes of Hamlet."" might provide a completion such as ""A late penalty of 10% per day will be applied to submissions received after March 17."" In instruction tuning, the language model is trained on many examples of tasks formulated as natural language instructions, along with appropriate responses. Various techniques for instruction tuning have been applied in practice. OpenAI's InstructGPT protocol involves supervised fine-tuning on a dataset of human-generated (prompt, response) pairs, followed by reinforcement learning from human feedback (RLHF), in which a reward function was learned based on a dataset of human preferences. Another technique, ""self-instruct"", fine-tunes the language model on a training set of examples which are themselves generated by an LLM (bootstrapped from a small initial set of human-generated examples).

https://en.wikipedia.org/wiki/Large_language_model","Given these paragraphs about Large language models, what is hallucination?",
general_qa,,Why do humans play sports?,
open_qa,,Who were the Grateful Dead?,
open_qa,,Who directed the most episodes of season seven of Game of Thrones?,
brainstorming,,Think up of three different animals that lay eggs,
creative_writing,,Imagine you are part of the city government responsible for urban planning. Write a letter to address the biggest ethical obligation behind a LASER-like system.,
brainstorming,,What are the top Sports Movies ever?,
open_qa,,Paul McCartney credits which artist with teaching him everything he knows?,
brainstorming,,What can I do with a broken stapler?,
brainstorming,,List all the planets in our solar system with more than one moon.,
closed_qa,"The Tour de France (French pronunciation: ​[tuʁ də fʁɑ̃s]) is an annual men's multiple-stage bicycle race primarily held in France, while also occasionally passing through nearby countries. Like the other Grand Tours (the Giro d'Italia and the Vuelta a España), it consists of 21 stages, each a day long, over the course of 23 days, coinciding with the Bastille Day holiday. It is the oldest of the Grand Tours and generally considered the most prestigious.","Given this paragraph about the Tour De France, how long is the race",
summarization,"Those who think that intelligent extraterrestrial life is (nearly) impossible argue that the conditions needed for the evolution of life—or at least the evolution of biological complexity—are rare or even unique to Earth. Under this assumption, called the rare Earth hypothesis, a rejection of the mediocrity principle, complex multicellular life is regarded as exceedingly unusual.

The rare Earth hypothesis argues that the evolution of biological complexity requires a host of fortuitous circumstances, such as a galactic habitable zone, a star and planet(s) having the requisite conditions, such as enough of a continuous habitable zone, the advantage of a giant guardian like Jupiter and a large moon, conditions needed to ensure the planet has a magnetosphere and plate tectonics, the chemistry of the lithosphere, atmosphere, and oceans, the role of ""evolutionary pumps"" such as massive glaciation and rare bolide impacts. And perhaps most importantly, advanced life needs whatever it was that led to the transition of (some) prokaryotic cells to eukaryotic cells, sexual reproduction and the Cambrian explosion.

In his book Wonderful Life (1989), Stephen Jay Gould suggested that if the ""tape of life"" were rewound to the time of the Cambrian explosion, and one or two tweaks made, human beings most probably never would have evolved. Other thinkers such as Fontana, Buss, and Kauffman have written about the self-organizing properties of life.",Please give a simple list of reasons that extraterrestrial intelligence may not exist or is very rare,
open_qa,,What is Collateral?,
open_qa,,What is Azure HDInsight?,
information_extraction,"Arnold Boate, originally called de Boot (1606–1653) was a Dutch physician, writer and Hebraist who spent much of his life abroad, and lived for several years in Dublin. There he married Margaret Dongan, a judge's daughter, whom he portrayed lovingly in his book The Character of a Truly Virtuous and Pious Woman. He was the brother of Gerard Boate, author of The Natural History of Ireland, for which Arnold supplied much of the material. Both Gerard and Arnold were members of the Hartlib circle.","Given the paragraph summarizing the life of Arnold Boate, list the countries in which he lived.",
information_extraction,"The first lightweight events were added to the World Championships in 1974 for men and 1985 for women. Lightweight rowing was added to the Olympics in 1996 but this came under threat in 2002 when the Programme Commission of the IOC recommended that, outside combat sports and weightlifting, there should not be weight category events. The executive board overturned this recommendation and lightweight rowing continues at the Olympics, though only in the men's and women's double sculls.",From the passage list all the years and the sporting events mentioned,
classification,,"Determine if the following states are East or West of the Mississippi River: Michigan, Georgia, Virginia, Oregon, Colorado, New Jersey, Nebraska, Texas.",
general_qa,,"Give me the answer to this riddle, explain the answer, and explain why the answer may be challenging to identify: what gets wetter as it dries?",
classification,,"Tell me whether these are animals or apache projects or both:
Kudu, Impala, Alligator, Ant, Camel, Flink, Spark, Flume, Tomcat, Dog, Elephant",
open_qa,,What is investment banking?,
brainstorming,,What are some common sauces or toppings for tacos?,
open_qa,,where does the word dynamite come from?,
information_extraction,"The goal of cheese making is to control the spoiling of milk into cheese. The milk is traditionally from a cow, goat, sheep or buffalo, although, in theory, cheese could be made from the milk of any mammal. Cow's milk is most commonly used worldwide. The cheesemaker's goal is a consistent product with specific characteristics (appearance, aroma, taste, texture). The process used to make a Camembert will be similar to, but not quite the same as, that used to make Cheddar.

Some cheeses may be deliberately left to ferment from naturally airborne spores and bacteria; this approach generally leads to a less consistent product but one that is valuable in a niche market.

Culturing
Cheese is made by bringing milk (possibly pasteurised) in the cheese vat to a temperature required to promote the growth of the bacteria that feed on lactose and thus ferment the lactose into lactic acid. These bacteria in the milk may be wild, as is the case with unpasteurised milk, added from a culture, frozen or freeze dried concentrate of starter bacteria. Bacteria which produce only lactic acid during fermentation are homofermentative; those that also produce lactic acid and other compounds such as carbon dioxide, alcohol, aldehydes and ketones are heterofermentative. Fermentation using homofermentative bacteria is important in the production of cheeses such as Cheddar, where a clean, acid flavour is required. For cheeses such as Emmental the use of heterofermentative bacteria is necessary to produce the compounds that give characteristic fruity flavours and, importantly, the gas that results in the formation of bubbles in the cheese ('eye holes').

Starter cultures are chosen to give a cheese its specific characteristics. In the case of mould-ripened cheese such as Stilton, Roquefort or Camembert, mould spores (fungal spores) may be added to the milk in the cheese vat or can be added later to the cheese curd.

Coagulation
During the fermentation process, once sufficient lactic acid has been developed, rennet is added to cause the casein to precipitate. Rennet contains the enzyme chymosin which converts κ-casein to para-κ-caseinate (the main component of cheese curd, which is a salt of one fragment of the casein) and glycomacropeptide, which is lost in the cheese whey. As the curd is formed, milk fat is trapped in a casein matrix. After adding the rennet, the cheese milk is left to form curds over a period of time.


Fresh chevre hanging in cheesecloth to drain.
Draining
Once the cheese curd is judged to be ready, the cheese whey must be released. As with many foods the presence of water and the bacteria in it encourages decomposition. To prevent such decomposition it is necessary to remove most of the water (whey) from the cheese milk, and hence cheese curd, to make a partial dehydration of the curd. There are several ways to separate the curd from the whey.


Maturing cheese in a cheese cellar
Scalding
In making Cheddar (or many other hard cheeses) the curd is cut into small cubes and the temperature is raised to approximately 39 °C (102 °F) to 'scald' the curd particles. Syneresis occurs and cheese whey is expressed from the particles. The Cheddar curds and whey are often transferred from the cheese vat to a cooling table which contains screens that allow the whey to drain, but which trap the curd. The curd is cut using long, blunt knives and 'blocked' (stacked, cut and turned) by the cheesemaker to promote the release of cheese whey in a process known as 'cheddaring'. During this process the acidity of the curd increases to a desired level. The curd is then milled into ribbon shaped pieces and salt is mixed into it to arrest acid development. The salted green cheese curd is put into cheese moulds lined with cheesecloths and pressed overnight to allow the curd particles to bind together. The pressed blocks of cheese are then removed from the cheese moulds and are either bound with muslin-like cloth, or waxed or vacuum packed in plastic bags to be stored for maturation. Vacuum packing removes oxygen and prevents mould (fungal) growth during maturation, which depending on the wanted final product may be a desirable characteristic or not.

Mould-ripening
Main article: Cheese ripening
In contrast to cheddaring, making cheeses like Camembert requires a more gentle treatment of the curd. It is carefully transferred to cheese hoops and the whey is allowed to drain from the curd by gravity, generally overnight. The cheese curds are then removed from the hoops to be brined by immersion in a saturated salt solution. The salt absorption stops bacteria growing, as with Cheddar. If white mould spores have not been added to the cheese milk it is applied to the cheese either by spraying the cheese with a suspension of mould spores in water or by immersing the cheese in a bath containing spores of, e.g., Penicillium candida.

By taking the cheese through a series of maturation stages where temperature and relative humidity are carefully controlled, allowing the surface mould to grow and the mould-ripening of the cheese by fungi to occur. Mould-ripened cheeses ripen very quickly compared to hard cheeses (weeks against months or years). This is because the fungi used are biochemically very active when compared with starter bacteria. Some cheeses are surface-ripened by moulds, such as Camembert and Brie, some are ripened internally, such as Stilton, which is pierced with stainless steel wires, to admit air to promote mould spore germination and growth, as with Penicillium roqueforti. Surface ripening of some cheeses, such as Saint-Nectaire, may also be influenced by yeasts which contribute flavour and coat texture. Others are allowed to develop bacterial surface growths which give characteristic colours and appearances, e.g. by the growth of Brevibacterium linens which gives an orange coat to cheeses.","From the provided description of the cheesemaking process, list the ingredients required to make cheese.",
open_qa,,What is the difference between it's and its?,
summarization,"Information theory's fundamental contribution to natural language processing and computational linguistics was further established in 1951, in his article ""Prediction and Entropy of Printed English"", showing upper and lower bounds of entropy on the statistics of English – giving a statistical foundation to language analysis. In addition, he proved that treating whitespace as the 27th letter of the alphabet actually lowers uncertainty in written language, providing a clear quantifiable link between cultural practice and probabilistic cognition.",What were the main results of applying statistical analysis to the English language?,
general_qa,,Where to find the best croissant in San Francisco?,
open_qa,,Which TV series was narrated by Walter Winchell,
general_qa,,Why do children love playing sports?,
open_qa,,What was Nicola Yoon's first published novel?,
information_extraction,"Bredgade (lit. ""Broad Street"") is one of the most prominent streets in Copenhagen, Denmark. Running in a straight line from Kongens Nytorv for just under one kilometre to the intersection of Esplanaden and Grønningen, it is one of the major streets in Frederiksstaden, a Rococo district laid out in the middle of the 18th century to commemorate the tercentenary of the House of Oldenburg's accession to the Danish throne. It is lined with a number of fine mansions as well as other historic buildings. Many law firms, trade unions, fashion stores and art galleries are based in the street.",What is the most prominent street in Copenhagen Denmark?,
general_qa,,What are 6 natural resources of Africa?,
closed_qa,"In the 21st century alone, UVA teams have won seventeen NCAA championships. The men's teams have won recent NCAA titles in basketball (2019); lacrosse (2003, 2006, 2011, 2019, and 2021); baseball (2015); soccer (2009 and 2014); and tennis (2013, 2015, 2016, 2017, and 2022). UVA women have won recent NCAA titles in rowing (2010 and 2012) and swimming & diving (2021 and 2022). The Cavaliers rank first in the ACC (a power conference) with 22 men's NCAA Championships, and rank second in the conference with nine women's NCAA Championships.","According to this reference text about UVA, what years have UVA women won NCAA titles in rowing?",
general_qa,,How long do you need to train before running a marathon?,
open_qa,,"Why was Michael Jackson the ""King of Pop""?",
brainstorming,,What are the top attractions to visit in Cancun?,
open_qa,,What is the great depression?,
general_qa,,What is an exacta?,
general_qa,,"I'm going to give you a passage from Marty Essen's book ""Cool Creatures, Hot Planet: Exploring the Seven Continents"" and want you to answer the following question: Where are western Hermann's tortoises found?

After spending the night at a large chain hotel, Deb and I traveled southeast with tortoises on our mind. Our plan for the day was to infiltrate the Massif des Maures area and search for one of France's most endangered reptiles-- the western Hermann's tortoise.  The first stop of our quest was Le Village de Tortues (the Tortoise Village), a tortoise rehabilitation center near the town of Gonfaron. Our mission was to befriend a staff member, learn as much as we could, and get detailed information on tracking down the wily Hermann's tortoise in the wild. When we couldn't find an English-speaking staff member, our mission was nearly thwarted. Only through quick thinking and improvisation were we able to acquire the vital background information we needed. Okay - we utilized the signs provided for British visitors. For many people, the word tortoise invokes thoughts of giant four-foot-long Galapagos tortoises. Western Hermann's tortoises, on the other hand, are small, reaching a maximum length of eight inches. While both reptiles make the IUCN Red List of Threatened Species, the Galapagos tortoise is listed as ""vulnerable"" and the western Hermann's is listed as ""endangered."" In France, habitat destruction, egg pilfering, and fire are the primary factors for the tortoises decline.",
information_extraction,"Few companies produce planes on a large scale. However, the production of a plane for one company is a process that actually involves dozens, or even hundreds, of other companies and plants, that produce the parts that go into the plane. For example, one company can be responsible for the production of the landing gear, while another one is responsible for the radar. The production of such parts is not limited to the same city or country; in the case of large plane manufacturing companies, such parts can come from all over the world.

The parts are sent to the main plant of the plane company, where the production line is located. In the case of large planes, production lines dedicated to the assembly of certain parts of the plane can exist, especially the wings and the fuselage",Are there companies that build a plane end to end?,
open_qa,,What are the names of popular Alternative music bands from the 1980s and 1990s.,
closed_qa,"Arlington Public Schools operates the county's public K-12 education system of 22 elementary schools; 6 middle schools (Dorothy Hamm Middle School, Gunston Middle School, Kenmore Middle School, Swanson Middle School, Thomas Jefferson Middle School, and Williamsburg Middle School); and 3 public high schools (Wakefield High School, Washington-Liberty High School, and Yorktown High School). H-B Woodlawn and Arlington Tech are alternative public schools. Arlington County spends about half of its local revenues on education. For the FY2013 budget, 83 percent of funding was from local revenues, and 12 percent from the state. Per pupil expenditures are expected to average $18,700, well above its neighbors, Fairfax County ($13,600) and Montgomery County ($14,900).","Given this paragraph, how many public high schools are in Arlington, Virginia?",
information_extraction,"One Hundred Years of Solitude is a novel by Colombian writer Gabriel García Márquez , winner of the Nobel Prize for Literature in 1982. It is considered a masterpiece of Spanish-American and universal literature, as well as one of the most translated and read works in Spanish . 1 It was listed as one of the most important works of the Spanish language during the IV International Congress of the Spanish Language held in Cartagena de Indias in March 2007. 2 It was included in the list of the 100 best novels in Spanish of the 20th century by the Spanish newspaper El Mundo , 3 on the list of the 100 books of the 20th century by the French newspaper Le Monde and in the 100 best books of all time by the Norwegian Book Club . 4","What is ""Cien años de soledad""?",
information_extraction,"The Golden Retriever is a Scottish breed of retriever dog of medium size. It is characterised by a gentle and affectionate nature and a striking golden coat. It is commonly kept as a pet and is among the most frequently registered breeds in several Western countries. It is a frequent competitor in dog shows and obedience trials; it is also used as a gundog, and may be trained for use as a guide dog.

The breed was created by Sir Dudley Marjoribanks at his Scottish estate Guisachan in the late nineteenth century. He cross-bred Flat-coated Retrievers with Tweed Water Spaniels, with some further infusions of Red Setter, Labrador Retriever and Bloodhound. The breed was recognised by the Kennel Club in 1913, and during the interwar period spread to many parts of the world.",Where does the Golden Retriever originate from?,
closed_qa,"""Ghost Town"" is a song recorded by American singer Adam Lambert for his third studio album, The Original High (2015). It was released as the album's lead single on April 21, 2015. The single garnered considerable commercial and critical success, becoming somewhat of a sleeper hit in select countries and receiving a substantial amount of radio play in the US.",Who recorded the song Ghost Town,
classification,,"Classify the below based on the products they sell.
Adidas, nike, Pepsi, Sprite, Fanta, FILA",
brainstorming,,Provide a number of different ways that someone can digest content from a book,
general_qa,,Can dogs look up?,
classification,,"Identify which car manufacturer is German or American: Lotec, Aurica Motors",
open_qa,,"Who said ""Public service is my motto""",
open_qa,,What is a ceiling joist?,
information_extraction,"From 2008 to 2012, the title sponsor was DLF, India's largest real estate developer, who had secured the rights with a bid of ₹200 crore (US$25 million) for five seasons. After the conclusion of the 2012 season, PepsiCo bought the title sponsorship rights for ₹397 crore (US$50 million) for the subsequent five seasons. However, the company terminated the deal in October 2015, two years before the expiry of the contract, reportedly due to the two-season suspension of Chennai and Rajasthan franchises from the league. The BCCI then transferred the title sponsorship rights for the remaining two seasons of the contract to Chinese smartphone manufacturer Vivo for ₹200 crore (US$25 million). In June 2017, Vivo retained the rights for the next five seasons (2018–2022) with a winning bid of ₹2,199 crore (US$280 million), in a deal more expensive than Barclays' Premier League title sponsorship contract between 2013 and 2016. On 4 August 2020, Vivo got out of the title sponsorship rights due to the ongoing military stand-off between India and China at the Line of Actual Control in July 2020. It was also reported that the withdrawal was a result of Vivo's market losses due to the ongoing COVID-19 situation and that it intended to return as the title sponsors for the following three years. Dream11 bagged the title sponsorship for the 2020 IPL for an amount of ₹222 crore. Vivo returned as the title sponsor for the 2021 IPL, but pulled out again, and was replaced by the Tata Group for the next two seasons. InsideSport reported that the BCCI would actually receive ₹498 crore (US$62 million) for the 2022 and 2023 seasons from title sponsors. Vivo had previously agreed to pay a higher amount for the last two seasons of its sponsorship contract due to the expansion of the league from the 2022 season. According to InsideSport, the new deal had been structured such that Tata would pay ₹335 crore (US$42 million) per year while the deficit of ₹163 crore (US$20 million) per season would be paid by Vivo.","Using the text below extract the sponsor, bid amount and the time period (from year to to year) in the format: {sponsor} - {bid amount} - {time period) and show it as a bullet list",
brainstorming,,What are some healthy lunch ideas?,
closed_qa,"Multiomics, multi-omics, integrative omics, ""panomics"" or ""pan-omics"" is a biological analysis approach in which the data sets are multiple ""omes"", such as the genome, proteome, transcriptome, epigenome, metabolome, and microbiome (i.e., a meta-genome and/or meta-transcriptome, depending upon how it is sequenced); in other words, the use of multiple omics technologies to study life in a concerted way. By combining these ""omes"", scientists can analyze complex biological big data to find novel associations between biological entities, pinpoint relevant biomarkers and build elaborate markers of disease and physiology. In doing so, multiomics integrates diverse omics data to find a coherently matching geno-pheno-envirotype relationship or association. The OmicTools service lists more than 99 softwares related to multiomic data analysis, as well as more than 99 databases on the topic.

Systems biology approaches are often based upon the use of panomic analysis data. The American Society of Clinical Oncology (ASCO) defines panomics as referring to ""the interaction of all biological functions within a cell and with other body functions, combining data collected by targeted tests ... and global assays (such as genome sequencing) with other patient-specific information.""

Single-cell multiomics
A branch of the field of multiomics is the analysis of multilevel single-cell data, called single-cell multiomics. This approach gives us an unprecedent resolution to look at multilevel transitions in health and disease at the single cell level. An advantage in relation to bulk analysis is to mitigate confounding factors derived from cell to cell variation, allowing the uncovering of heterogeneous tissue architectures.

Methods for parallel single-cell genomic and transcriptomic analysis can be based on simultaneous amplification or physical separation of RNA and genomic DNA. They allow insights that cannot be gathered solely from transcriptomic analysis, as RNA data do not contain non-coding genomic regions and information regarding copy-number variation, for example. An extension of this methodology is the integration of single-cell transcriptomes to single-cell methylomes, combining single-cell bisulfite sequencing to single cell RNA-Seq. Other techniques to query the epigenome, as single-cell ATAC-Seq and single-cell Hi-C also exist.

A different, but related, challenge is the integration of proteomic and transcriptomic data. One approach to perform such measurement is to physically separate single-cell lysates in two, processing half for RNA, and half for proteins. The protein content of lysates can be measured by proximity extension assays (PEA), for example, which use DNA-barcoded antibodies. A different approach uses a combination of heavy-metal RNA probes and protein antibodies to adapt mass cytometry for multiomic analysis.

Multiomics and machine learning
In parallel to the advances in highthroughput biology, machine learning applications to biomedical data analysis are flourishing. The integration of multi-omics data analysis and machine learning has led to the discovery of new biomarkers. For example, one of the methods of the mixOmics project implements a method based on sparse Partial Least Squares regression for selection of features (putative biomarkers).


https://en.wikipedia.org/wiki/Multiomics","Given these paragraphs about Multiomics, what is single-cell multiomics?",
brainstorming,,How to make a Pizza dough?,
open_qa,,Which African country was formerly known as Abyssinia?,
classification,,"Identify which instrument is string or percussion: Maddale, Banhu",
classification,,"Identify which instrument is string or percussion: Kendang, Gekkin",
general_qa,,What is the value of higher education?,
classification,,How many planets orbit the sun?,
summarization,"The Society of Jesus, commonly known as the Jesuits, is a religious order of clerics regular of pontifical right for men in the Catholic Church headquartered in Rome. It was founded in 1540 by Ignatius of Loyola and six companions, with the approval of Pope Paul III. The society is engaged in evangelization and apostolic ministry in 112 nations. Jesuits work in education, research, and cultural pursuits. Jesuits also conduct retreats, minister in hospitals and parishes, sponsor direct social and humanitarian ministries, and promote ecumenical dialogue.","Who founded the Society of Jesus, and what are they more commonly known as?",
creative_writing,,Why does my chicken create so much liquid when cooked in the skillet?,
open_qa,,What is fair market value,
open_qa,,who is tamil nadu super star ?,
creative_writing,,Please write a travel plan to Los Angeles.,
classification,,"Classify each of the following as either a plant or an animal: Oak Tree, mouse, grass, daisy, zebra, venus fly trap, hawk, whale.",
classification,,Which is a species of fish? Shaver or Razorfish,
general_qa,,Should investors time the market?,
classification,,"Which characters belong to DC or Marvel Universe? Boomerang, Captain Boomerang",
general_qa,,"If Phil has three siblings, Margaret, Janis, and Louis then what are all are the names of Phil’s mother’s children?",
open_qa,,The Nobel Prize in Literature  was awarded to the novelist,
brainstorming,,Give me a bulleted list of the Seven Wonders of Portugal and their construction dates:,
open_qa,,Who is the lead singer of the band elbow?,
information_extraction,"Osama bin Mohammed bin Awad bin Laden (Arabic: أسا‌مة بن محمد بن عو‌ض بن لا‌د‌ن, romanized: Usāmah ibn Muḥammad ibn ʿAwaḍ ibn Lādin; 10 March 1957 – 2 May 2011) was a Saudi Arabian-born militant and founder of the pan-Islamic militant organization Al-Qaeda. The group is designated as a terrorist group by the United Nations Security Council, the North Atlantic Treaty Organization (NATO), the European Union, and various other countries. Under bin Laden, Al-Qaeda was responsible for the September 11 attacks in the United States and many other mass-casualty attacks worldwide.",Who is Osama bin Laden?,
general_qa,,Who are N-Dubz?,
open_qa,,When did money originate?,
classification,,"Identify which instrument is string or percussion: Kanjira, Hommel",
open_qa,,On which day did Theodore Roosevelt lose both his first wife and his mother?,
open_qa,,What is the difference between American Football and Futbol?,
open_qa,,How do I find the best interior decorator and best price?,
brainstorming,,Who are some students at Hogwarts in Gryffindor house that were in the same year as Harry Potter?,
brainstorming,,Think up of different foods that are good for when you are sick,
closed_qa,"Kamlaksha Rama Naik, better known as K R Naik (Hindi: क़ रा नायक़) is an Indian industrial engineer. He founded D-Link Ltd. (India) in 1993. He has been in the IT Industry for 50 years and has played a key role in creating the IT networking market and the surrounding channel ecosystem in India. He pioneered several new businesses and distribution models as early as 1990, when IT was a nascent industry and the concept of an IT distribution channel was just conceived. 

Naik was born in Karwar, Karnataka on 19 November 1947. He completed his schooling in Karwar and later shifted to Mumbai. Naik is a mechanical engineer with a P.G. Diploma in Industrial Engineering and Licenciate in Plastic Engineering. He earned a Business Management degree from the Jamnalal Bajaj Institute in Mumbai",Where did Kamlaksha Rama Naik receive his Business Management degree?,
closed_qa,"Schechter was born in Boston and grew up in Brookline, Massachusetts and New York City. Her father, Danny Schechter, a grandson of Russian-Jewish immigrant socialists, was a human rights activist, author, filmmaker and television producer.",Where was Sarah Schechter born?,
creative_writing,,When is a good time to  buy a car?,
creative_writing,,Write a passage about how you learnt to ride the bike,
general_qa,,Why is security important for organizations?,
open_qa,,Which Italian tractor maker tried making cars in 1960s,
brainstorming,,What is the best tv series in the world,
closed_qa,"On 25 November 2018, Regalado posted on MIT Technology Review website that He Jiankui was making CRIPSR babies. As it was publicised, He was prompted to announce his experiment and posted the news of the birth of twins, nicknamed Lulu and Nana, on YouTube in five videos the same day. He formally presented the experiment at the Second International Summit on Human Genome Editing organized at the University of Hong Kong on 28 November 2018. He explained that the experiment was to make the babies resistant to HIV infection as they were (as embryos) obtained from an HIV-positive father. He specifically used a mutant gene named CCR5-Δ32 that is known to confer innate resistance to HIV. The twins were born in secrecy in October 2018, and a third baby (revealed in 2022 as Amy) was then almost born, as He reported.",What type of babies did Regalado say Jiankui was making?,
general_qa,,"What is the nature of god, from a logical perspective?",
general_qa,,Why is Bangalore the best place to live in?,
summarization,"During the 78 era, when the maximum capacity of a single ordinary record side or cylinder was less than five minutes, Spalding recorded extensively for Edison Records, with some issues on cylinders and many more on diamond discs. Most featured short works or encore pieces that could fit on a single record side. These recordings were all by the acoustical process, as well as vertically-cut, through 1925, but he made his first electrical recordings in 1926 for Brunswick Records using that company's problematic ""Light-Ray"" system. After his unsatisfactory experience with Brunswick, Spalding went back to Edison and made some electrical Edison hill-and-dale Diamond Discs as well as a very few Edison ""Needle Cut"" lateral recordings in late 1928. These were much better recorded than Spalding's Brunswicks, but the Diamond Discs sold as scantily as the rest of Edison's product in that period, and the ""Needle-Cut"" discs were issued only for a very short time—from August to November 1929—and are exceedingly rare today. Following the Edison company's demise in November 1929, he recorded a handful of more extended works broken across multiple sides for RCA Victor Records.",Please give a summary of the type of recordings Spalding made by year.,
general_qa,,"From the passage provided, extract the total product revenue and % YoY growth using format: {$x} product revenue with {x%} YoY growth

Product revenue of $555.3 million in the fourth quarter, representing 54% year-over-year growth
Remaining performance obligations of $3.7 billion, representing 38% year-over-year growth
7,828 total customers
Net revenue retention rate of 158%
330 customers with trailing 12-month product revenue greater than $1 million
Authorized a $2.0 billion stock repurchase program",
open_qa,,List five titles by Stephanie Meyer.,
brainstorming,,"If a candidate running to be the President of the United States is indicted during his campaign, can he continue running for election?",
open_qa,,What is the best TV series for Kids?,
information_extraction,The men's individual competition of the triathlon events at the 2011 Pan American Games was held on October 23 at the API Maritime Terminal in Puerto Vallarta. The defending Pan American Games champion is Andy Potts of the United States.,Remove vowels from this text:,
classification,,"Tell me which of the following are science fiction TV shows: Lost, The X-Files, The Mandalorian, Millennium, Game of Thrones.",
general_qa,,What are 3 things to consider when picking a mountain to ski at?,
open_qa,,Who was Arseny Bibikov,
general_qa,,What are the best hikes near Portland Oregon.,
brainstorming,,What are the top three cloud providers.,
closed_qa,"n 1878, Campbell sold his land for $5 an acre to a railroad company. By 1887, the first subdivision was recorded west of the railroad, from Campbell Avenue to the spot where the Water Tower Plaza now stands. He and his wife Mary (née Rucker) Campbell (1834–1913) founded the city which was first known as Campbell's Place, but would later become the town of Campbell.

In 1888, the Campbell School District was formed.

The area became the center for shipping fruit grown in the surrounding area, and within a short time, the drying grounds and canneries made Campbell an important rail center. By 1892, the Campbell Fruit Growers' Union became a well-known cooperative with its 17-acre (69,000 m2) drying yard. J.C. Ainsley Packing Company, Hyde Cannery, and Payne Cannery were the main fruit packing companies.

In 1895, The Bank of Campbell was founded and the first newspaper, the Campbell Weekly Visitor, began publication.

Campbell was incorporated as a city in 1952. The city then grew rapidly as orchard lands disappeared, tract by tract. Today, Campbell is a suburban residential neighborhood in the southern part of the Santa Clara Valley.","When was Campbell, CA founded?",
general_qa,,Will immunity increase when you have pets like Dogs/Cats?,
summarization,"Purdue Pete is a mascot of Purdue University. Despite his on-field presence at Purdue sporting events, Pete is only the athletic mascot of the university, and the official mascot of Purdue University is the Boilermaker Special.",Which university has Purdue Pete as their mascot?,
summarization,"NBA achievements
Naismith Memorial Basketball Hall of Fame Class of 2009
6× NBA champion: 1991, 1992, 1993, 1996, 1997, 1998
5× NBA Most Valuable Player: 1987–88, 1990–91, 1991–92, 1995–96, 1997–98
6× NBA Finals Most Valuable Player: 1991, 1992, 1993, 1996, 1997, 1998
10× Scoring leader: 1986–87, 1987–88, 1988–89, 1989–90, 1990–91, 1991–92, 1992–93, 1995–96, 1996–97, 1997–98
NBA Defensive Player of the Year: 1987-88
NBA Rookie of the Year: 1984-85
14× NBA All-Star: 1985, 1986 (selected but injured), 1987, 1988, 1989, 1990, 1991, 1992, 1993, 1996, 1997, 1998, 2002, 2003
3× NBA All-Star Game Most Valuable Player: 1988, 1996, 1998
2× NBA Slam Dunk Contest champion: 1987, 1988
Runner-up in 1985
3× Steals leader: 1987–88, 1989–90, 1992–93
2× Minutes leader: 1987–88, 1988–89
2× IBM Award winner: 1985, 1989
11× All-NBA selection:
First Team: 1987–93, 1996–98
Second Team: 1985
9× All-Defensive selection:
First Team: 1988–93, 1996–98
NBA All-Rookie selection:
First Team: 1985
7× The Sporting News Most Valuable Player: 1987–88, 1988–89, 1990–91, 1991–92, 1995–96, 1996–97, 1997–98
The Sporting News Rookie of the Year: 1985
Sports Illustrated Sportsman of the Year: 1991
Ranked #1 by SLAM Magazine's Top 50 Players of All-time
Ranked #1 by ESPN SportsCentury's Top North American Athletes of the 20th Century
Selected in 1996 as one of the ""50 Greatest Players in NBA History""
Selected in 1996 as member of two of the ""Top 10 Teams in NBA History""
1991–92 Chicago Bulls (67–15; .817)
1995–96 Chicago Bulls (72–10; .878)
25 NBA Player of the Week  16 NBA Player of the Month",Please provide a list of Michael Jordan's accomplishments in the 1987-1988 NBA basketball season.,
open_qa,,Which months were added to the calendar and why?,
open_qa,,Who are the longest running cast members on Saturday Night Live?,
brainstorming,,Give me a list of the last ten Grammy Award for Best New Artist winners.,
summarization,"The British monarchy traces its origins from the petty kingdoms of Anglo-Saxon England and early medieval Scotland, which consolidated into the kingdoms of England and Scotland by the 10th century. England was conquered by the Normans in 1066, after which Wales also gradually came under the control of Anglo-Normans. The process was completed in the 13th century when the Principality of Wales became a client state of the English kingdom. Meanwhile, Magna Carta began the process of reducing the English monarch's political powers. In the 16th century, English and Scottish monarchs played a central role in what became the religious English Reformation and Scottish Reformation. From 1603, the English and Scottish kingdoms were ruled by a single sovereign. From 1649 to 1660, the tradition of monarchy was broken by the republican Commonwealth of England, which followed the Wars of the Three Kingdoms. Following the installation of William III and Mary II as co-monarchs in the Glorious Revolution, the Bill of Rights 1689, and its Scottish counterpart the Claim of Right Act 1689, further curtailed the power of the monarchy and excluded Roman Catholics from succession to the throne. In 1707, the kingdoms of England and Scotland were merged to create the Kingdom of Great Britain, and in 1801, the Kingdom of Ireland joined to create the United Kingdom of Great Britain and Ireland. The British monarch was the nominal head of the vast British Empire, which covered a quarter of the world's land area at its greatest extent in 1921.","Without quoting directly from the text, briefly describe how the United Kingdom was formed from its constituent countries.",
open_qa,,Tell me the capital of the UK. Then tell me a famous song about that city.,
closed_qa,"South Willington's industrial history began in 1840, when Origen Hall and two partners founded the Willington Thread Company. Hall and his brother Gardner founded a second company in 1848 for the production of cotton wadding and batting. After several failed business ventures, Gardiner Hall founded the Hall Thread Company in 1860, building what is now the oldest surviving industrial building in the village. This venture also failed due to a lack of cotton occasioned by the American Civil War, but Hall restarted the business in 1867. This business flourished, operating at the site until 1954. The Halls practiced a paternalistic form of management and care of the mill workers, building a school and church, as well as housing for their workers. The company's success was instrumental in the village's growth during the late 19th and early 20th centuries.","Based on this paragraph, what industry did Gardiner Hall create a business in and how was it impacted by the Civil War?",
information_extraction,"The Osborne effect is a social phenomenon of customers canceling or deferring orders for the current, soon-to-be-obsolete product as an unexpected drawback of a company's announcing a future product prematurely. It is an example of cannibalization.
The term alludes to the Osborne Computer Corporation, whose second product did not become available until more than a year after it was announced. The company's subsequent bankruptcy was widely blamed on reduced sales after the announcement.
The Osborne Effect states that prematurely discussing future, unavailable products damages sales of existing products. The name comes from the planned replacement of the Osborne 1, an early personal computer first sold by the Osborne Computer Corporation in 1981. In 1983, founder Adam Osborne pre-announced several next-generation computer models (the Osborne Executive and Osborne Vixen), which were only prototypes, highlighting the fact that they would outperform the existing model as the prototypes dramatically cut down assembly time. A widely held belief was that sales of the Osborne 1 fell sharply as customers anticipated those more advanced systems, leading to a sales decline from which Osborne Computer was unable to recover. This belief appeared in the media almost immediately after the company's September 1983 bankruptcy:

To give the jazzy $2,495 Osborne Executive a running start, Adam began orchestrating publicity early in 1983. We, along with many other magazines, were shown the machine in locked hotel rooms. We were required not to have anything in print about it until the planned release date in mid-April. As far as we know, nothing did appear in print, but dealers heard about the plans and cancelled orders for the Osborne 1 in droves. In early April, Osborne told dealers he would be showing them the machine on a one-week tour the week of 17 April, and emphasized that the new machine was not a competitor for the Osborne 1. But dealers didn't react the way Osborne expected; said Osborne, ""All of them just cancelled their orders for the Osborne 1.""

Osborne reacted by drastically cutting prices on the Osborne 1 in an effort to stimulate cash flow. But nothing seemed to work, and for several months sales were practically non-existent.

Pre-announcement is done for several reasons: to reassure current customers that there is improvement or lower cost coming, to increase the interest of the media and investors in the company's future prospects, and to intimidate or confuse competitors. When done correctly, the sales or cash flow impact to the company is minimal, with the revenue drop for the current product being offset by orders or completed sales of the new product as it becomes available. However, when the Osborne effect occurs, the quantity of unsold goods increases and the company must react by discounting and/or lowering production of the current product, both of which depress cash flow.","From this passage, tell me what was Osborne Computer Corporation's mistake.",
summarization,"Nuclear fission of heavy elements was discovered on Monday 19 December 1938 in Berlin, by German chemist Otto Hahn and his assistant Fritz Strassmann in cooperation with Austrian-Swedish physicist Lise Meitner. Hahn understood that a ""burst"" of the atomic nuclei had occurred. Meitner explained it theoretically in January 1939 along with her nephew Otto Robert Frisch. Frisch named the process by analogy with biological fission of living cells. In their second publication on nuclear fission in February of 1939, Hahn and Strassmann predicted the existence and liberation of additional neutrons during the fission process, opening up the possibility of a nuclear chain reaction.","Based on this paragraph, tell me who was responsible for the discovery of nuclear fission.",
creative_writing,,"Write me a cover letter for an application for a role I'm applying for. The role is with a technology company that sells software that helps consumers find the perfect hat based on the size and shape of their head. My name is Roger, I am passionate about hats and have a background in niche technology sales. The hiring manager's name is Jamiroquai. The companies name is Hats4U",
brainstorming,,What are some recommendations for US national parks to visit?,
summarization,"The Georgia Bulldogs football program represents the University of Georgia in the sport of American football. The Bulldogs compete in the Football Bowl Subdivision (FBS) of the National Collegiate Athletic Association (NCAA) and the Eastern Division of the Southeastern Conference (SEC). They play their home games at historic Sanford Stadium on the university's Athens, Georgia, campus. Georgia claims four consensus national championships (1942, 1980, 2021, and 2022); while the AP and Coaches Polls have each voted the Bulldogs the national champion three times (1980, 2021, and 2022). Georgia has also been named the National Champion by at least one polling authority in four other seasons (1920, 1927, 1946 and 1968).

The Bulldogs' other accomplishments include 16 conference championships, of which 14 are SEC championships, second-most in conference history, and appearances in 61 bowl games, second-most all-time.",How many bowl games have the University of Georgia football team won?,
information_extraction,"Robert Francis Kennedy (November 20, 1925 – June 6, 1968), also known by his initials RFK and by the nickname Bobby, was an American politician and lawyer. He served as the 64th United States Attorney General from January 1961 to September 1964 and as a U.S. senator from New York from January 1965 until his assassination. Like his brothers John F. Kennedy and Ted Kennedy, he was a prominent member of the Democratic Party and is viewed by some historians as an icon of modern American liberalism.",Who is RFK?,
open_qa,,What kind of jelly is best for a peanut butter and jelly sandwich?,
classification,,"Which of these titles are by Walter Dean Myers and which are by Rick Riordan Jr.? Hoops, The Legend of Tarik, Ambush in the Amazon, Crystal, The Life of a Harlem Man, The Lost Hero, The Titan's Curse, The Lightning Thief, The Red Pyramid, The Demigod Diaries",
brainstorming,,can you recommend fun activities to enjoy in Austin in summer?,
general_qa,,I would like to go to Mystery Spot near Santa Cruz California. What can you tell me about the mystery surrounding the Mystery Spot and how should I plan for this trip?,
creative_writing,,America’s cup comeback,
general_qa,,What do you think are the most relevant things in life?,
open_qa,,Where was the 2017 European Judo Championships held,
closed_qa,"Zigalga National Park (Russian: Национальный парк «Зигальга») is located on the high Zigalga Ridge of the Southern Ural Mountains in Russia, on the transition between Europe and Siberia. Much of the territory is untouched by human activity and so supports Ice Age relict floral communities through all altitude zones - pine and birch forest, dark coniferous taiga, alpine meadows and mountain tundra. The park was officially created in 2019. The park is located in the Katav-Ivanovsky District of Chelyabinsk Oblast.

Topography
Ziglalga National Park connects two large protected areas on the main ridge of the Southern Urals, with Zyuratkul National Park to the northeast, and the South Ural Nature Reserve to the southwest. The park includes headwaters of the Yuryuzan River and the Kutkurka River. The highest point is at Mount Poperechnaya (1,387 metres (4,551 ft))",What are common florals found in Zigalga National Park?,
open_qa,,What is it inflation?,
closed_qa,"A Star Is Born (1937 film), starring Janet Gaynor and Fredric March, directed by William A. Wellman
A Star Is Born (1954 film), starring Judy Garland and James Mason, directed by George Cukor
A Star Is Born (1976 film), starring Barbra Streisand and Kris Kristofferson, directed by Frank Pierson
A Star Is Born (2018 film), starring Lady Gaga and Bradley Cooper, directed by Bradley Cooper",Based on the passage provided in which years the movie named 'A star is Born' was released?,
summarization,"In jurisprudence, animus nocendi (from Latin animus 'mind', and noceo 'to harm') is the subjective state of mind of the perpetrator of a crime, with reference to the exact knowledge of illegal content of his behaviour, and of its possible consequences.

In most modern legal systems, the animus nocendi is required as an essential condition to give a penal condemnation.

The animus nocendi is usually demonstrated by the verified presence of these elements:

knowledge of a law that prohibited the discussed action or conduct (unless there exists a systemic obligation, pending on every citizen, that considers that the law has to be known by every adult — in this case the knowledge is presumed a priori; see also Ignorantia juris non excusat);
knowledge of the most likely consequences of his action;

precise intention of breaking the law or of causing the verified effects of the action.
When the author of the crime had no animus nocendi, it is usually considered that the crime still exists, but the author is innocent, unless a responsibility for guilt can be found in his conduct: the typical case of a car accident in which a wrong or even hazardous manoeuvre causes personal injuries to another car driver, is then managed as a crime for the presence of injuries, yet the author will not be prosecuted as the author of the injuries (he did not want to hurt the other driver, thus he had no animus nocendi), but simply as the author of a dangerous conduct that indirectly caused said effects, and would be held responsible at a guilt title.",Please explain how a perpetrator's state of mind is relevant to guilt in committing a crime,
open_qa,,What does quantitative easing mean?,
closed_qa,"The new UCLA campus in 1929 had four buildings: Royce Hall and Haines Hall on the north, and Powell Library and Kinsey Hall (now called Renee And David Kaplan Hall) on the south. The Janss Steps were the original 87-step entrance to the university that lead to the quad of these four buildings. Today, the campus includes 163 buildings across 419 acres (1.7 km2) in the western part of Los Angeles, north of the Westwood shopping district and just south of Sunset Boulevard. In terms of acreage, it is the second-smallest of the ten UC campuses. The campus is approximately 1 mile east of I-405 (the San Diego Freeway).

The campus is in the residential area of Westwood and bordered by Bel-Air to the north, Beverly Hills to the east, and Brentwood to the west. The campus is informally divided into North Campus and South Campus, which are both on the eastern half of the university's land. North Campus is the original campus core; its buildings are more traditional in appearance and clad in imported Italian brick. North Campus is home to the arts, humanities, social sciences, law, history, and business programs and is centered around ficus and sycamore-lined Dickson Court, also known as the ""Sunken Garden"". South Campus is home to the physical sciences, life sciences, engineering, mathematical sciences, health-related fields, and the UCLA Medical Center. The campus includes sculpture gardens, fountains, museums, and a mix of architectural styles.

Ackerman Union, the John Wooden Center, the Arthur Ashe Health and Wellness Center, the Student Activities Center, Kerckhoff Hall, the J.D. Morgan Center, the James West Alumni Center, and Pauley Pavilion stand at the center of the campus, bordering Wilson Plaza. The campus is bisected by Bruin Walk, a heavily traveled pathway from the residential hill to the main campus. At the intersection of Bruin Walk and Westwood Plaza is Bruin Plaza, featuring an outdoor performing arts stage and a bronze statue of the Bruin bear.

During the 2028 Summer Olympics, wrestling and judo will be held at Pauley Pavilion. The campus will also be the location of the Olympic Village for the Olympic and Paralympic Games.

In September 2022 UCLA purchased the Palos Verdes (PV) campus of Marymount California University, which had closed its doors that August, after fifty years of classes; the PV campus joins two other locations, in downtown LA, and in Culver City as satellites of the Westwood campus. A faculty and administration task force will review possible applications of the PV campus for UCLA. The Channel Islands will again be visible from a UCLA campus.","Based on this passage about UCLA, tell me the difference between North Campus and South Campus and which residential areas border the campus.",
brainstorming,,What are some quick vegan meals to make?,
classification,,"Tell me whether each food is from a grain or animal: quinoa, millet, couscous, ribeye steak, pork belly, chicken wing",
open_qa,,Why is standard guitar tuning EADGBE?,
information_extraction,"Price history & milestones
Main article: Closing milestones of the S&P 500
On August 12, 1982, the index closed at 102.42.

On Black Monday (1987), the index realized its worst daily percentage loss, falling 20.47% in a single day.

On February 12, 1997, the index closed above 800 for the first time.

On February 2, 1998, the index closed above 1,000 for the first time.

On March 24, 2000, at the peak of the dot-com bubble, the index reached an intraday high of 1,552.87; this high was not exceeded until May 30, 2007. On October 10, 2002, during the stock market downturn of 2002, the index fell to 768.83, a decline of approximately 50% from its high in March 2000.

On May 30, 2007, the index closed at 1,530.23, setting its first all-time closing high in more than 7 years. The index achieved a new all-time intraday high on October 11, 2007, at 1,576.09.

Between the bankruptcy of Lehman Brothers on September 15, 2008, and the end of 2008, the index closed either up or down 3% in one day 29 times. On October 13, 2008, the index closed up 11.6%, its best single-day percentage gain since being founded in 1957.

On November 20, 2008, the index closed at 752.44, its lowest since early 1997.

The index ended 2008 at 903.25, a yearly loss of 38.5%. The index continued to decline in early 2009, closing at 676.53 on March 9, 2009, its lowest close in 13 years. The drawdown from the high in October 2007 to the low in March 2009 was 56.8%, the largest since World War II.

At the trough of the United States bear market of 2007–2009, on March 6, 2009, the index was at 666. By March 23, 2009, the index had risen 20% from its low, closing at 822.92.

The index closed 2009 at 1,115.10, the second-best year of the decade.

On April 14, 2010, the index closed at 1,210.65, its first close above 1,200 since the financial crisis of 2007–2008. By July 2, 2010, it had fallen to 1,022.58, its lowest point of the year.

On April 29, 2011, the index closed at a post-crisis high of 1,363.61. However, after the August 2011 stock markets fall, on October 4, 2011, the index briefly broke below 1,100.

The index rose 13% in 2012 despite significant volatility amid electoral and fiscal uncertainty and round 3 of quantitative easing. On December 31, 2012, the index closed at 1,426.19, an annual gain of 13% and its biggest gain in 3 years.

On March 28, 2013, the index surpassed its closing high of 1,565.15, recovering all its losses from the Great Recession. On April 10, 2013, it closed above the intraday high from 2007.

On August 26, 2014, the index closed above 2,000 for the first time.

On March 2, 2015, the index reached an all-time closing high, while the Nasdaq Composite closed above 5,000 for the first time since 2000.

After the 2015–2016 Chinese stock market turbulence, a period of over a year with no new record highs ended on July 11, 2016, with the index closing at 2,137.16.

In June 2017, the index posted the largest weekly rise since the 2016 United States presidential election.

For the full year 2017, the index was up 19.4%, its best year since 2013. On September 25, 2017, the index closed above 2,500 for the first time.

The index rose sharply in January 2018, extending one of its longest monthly winning streaks, only to fall 4% in February 2018 during a month of extremely high volatility, including a day in which the VIX doubled. It was the first monthly decline in 11 months. In the third quarter of 2018, the index posted its best quarter since 2013. However, the index fell 11% in the month of December 2018, its worst December performance since the Great Depression. The index fell 6% in 2018, its worst year in a decade.

However, in 2019, the index posted its best first half in 22 years including the best June since 1938. On July 10, 2019, the index reached 3,000 for the first time. The index rose 31.5% in 2019, one of its best years.

On February 19, 2020, the index hit a new closing peak of 3,386.15; however, it fell 10% in the next six trading days, its fastest drop from a new peak as a result of the onset of the COVID-19 pandemic and COVID-19 recession. On March 23, 2020, at the trough of the 2020 stock market crash, the index had fallen 34% from its peak. Overall, the index fell 20% during the first quarter of 2020, its worst quarter since 2008. However, this was followed by a 20% gain in the second quarter, its biggest quarterly gain since 1998. The index reached a new record high on August 18, 2020. In the following months the index reached several all-time highs. On April 1, 2021, the index closed above 4,000 for the first time.

In 2021, the index closed 70 days of the year at a new record closing price, the second highest number ever recorded, behind the 77 closing highs recorded in 1995. 2021 also marked the first year since 2005 when the S&P 500 beat the other two closely watched U.S. stock indices: the Dow Jones Industrial Average and the Nasdaq Composite.

On January 3, 2022, the index reached a record of 4796.56.

Returns by year
Returns are generally quoted as price returns (excluding returns from dividends). However, they can also be quoted as total return, which include returns from dividends and the reinvestment thereof, and ""net total return"", which reflects the effects of dividend reinvestment after the deduction of withholding tax.

Show / Hide table 
Year	Change in Index	Total Annual Return, Including Dividends	Value of $1.00 Invested on January 1, 1970	5-Year Annualized Return	10-Year Annualized Return	15-Year Annualized Return	20-Year Annualized Return	25-Year Annualized Return
1961	23.13%	-	-	-	-	-	-	-
1962	-11.81%	-	-	-	-	-	-	-
1963	18.89%	-	-	-	-	-	-	-
1964	12.97%	-	-	-	-	-	-	-
1965	9.06%	-	-	-	-	-	-	-
1966	-13.09%	-	-	-	-	-	-	-
1967	20.09%	-	-	-	-	-	-	-
1968	7.66%	-	-	-	-	-	-	-
1969	-11.36%	-	-	-	-	-	-	-
1970	0.10%	4.01%	$1.04	-	-	-	-	-
1971	10.79%	14.31%	$1.19	-	-	-	-	-
1972	15.63%	18.98%	$1.41	-	-	-	-	-
1973	−17.37%	−14.66%	$1.21	-	-	-	-	-
1974	−29.72%	−26.47%	$0.89	−2.35%	-	-	-	-
1975	31.55%	37.20%	$1.22	3.21%	-	-	-	-
1976	19.15%	23.84%	$1.51	4.87%	-	-	-	-
1977	−11.50%	−7.18%	$1.40	−0.21%	-	-	-	-
1978	1.06%	6.56%	$1.49	4.32%	-	-	-	-
1979	12.31%	18.44%	$1.77	14.76%	5.86%	-	-	-
1980	25.77%	32.50%	$2.34	13.96%	8.45%	-	-	-
1981	−9.73%	−4.92%	$2.23	8.10%	6.47%	-	-	-
1982	14.76%	21.55%	$2.71	14.09%	6.70%	-	-	-
1983	17.27%	22.56%	$3.32	17.32%	10.63%	-	-	-
1984	1.40%	6.27%	$3.52	14.81%	14.78%	8.76%	-	-
1985	26.33%	31.73%	$4.64	14.67%	14.32%	10.49%	-	-
1986	14.62%	18.67%	$5.51	19.87%	13.83%	10.76%	-	-
1987	2.03%	5.25%	$5.80	16.47%	15.27%	9.86%	-	-
1988	12.40%	16.61%	$6.76	15.31%	16.31%	12.17%	-	-
1989	27.25%	31.69%	$8.90	20.37%	17.55%	16.61%	11.55%	-
1990	−6.56%	−3.10%	$8.63	13.20%	13.93%	13.94%	11.16%	-
1991	26.31%	30.47%	$11.26	15.36%	17.59%	14.34%	11.90%	-
1992	4.46%	7.62%	$12.11	15.88%	16.17%	15.47%	11.34%	-
1993	7.06%	10.08%	$13.33	14.55%	14.93%	15.72%	12.76%	-
1994	−1.54%	1.32%	$13.51	8.70%	14.38%	14.52%	14.58%	10.98%
1995	34.11%	37.58%	$18.59	16.59%	14.88%	14.81%	14.60%	12.22%
1996	20.26%	22.96%	$22.86	15.22%	15.29%	16.80%	14.56%	12.55%
1997	31.01%	33.36%	$30.48	20.27%	18.05%	17.52%	16.65%	13.07%
1998	26.67%	28.58%	$39.19	24.06%	19.21%	17.90%	17.75%	14.94%
1999	19.53%	21.04%	$47.44	28.56%	18.21%	18.93%	17.88%	17.25%
2000	−10.14%	−9.10%	$43.12	18.33%	17.46%	16.02%	15.68%	15.34%
2001	−13.04%	−11.89%	$37.99	10.70%	12.94%	13.74%	15.24%	13.78%
2002	−23.37%	−22.10%	$29.60	−0.59%	9.34%	11.48%	12.71%	12.98%
2003	26.38%	28.68%	$38.09	−0.57%	11.07%	12.22%	12.98%	13.84%
2004	8.99%	10.88%	$42.23	−2.30%	12.07%	10.94%	13.22%	13.54%
2005	3.00%	4.91%	$44.30	0.54%	9.07%	11.52%	11.94%	12.48%
2006	13.62%	15.79%	$51.30	6.19%	8.42%	10.64%	11.80%	13.37%
2007	3.53%	5.49%	$54.12	12.83%	5.91%	10.49%	11.82%	12.73%
2008	−38.49%	−37.00%	$34.09	−2.19%	−1.38%	6.46%	8.43%	9.77%
2009	23.45%	26.46%	$43.11	0.41%	−0.95%	8.04%	8.21%	10.54%
2010	12.78%	15.06%	$49.61	2.29%	1.41%	6.76%	9.14%	9.94%
2011	-0.00%	2.11%	$50.65	−0.25%	2.92%	5.45%	7.81%	9.28%
2012	13.41%	16.00%	$58.76	1.66%	7.10%	4.47%	8.22%	9.71%
2013	29.60%	32.39%	$77.79	17.94%	7.40%	4.68%	9.22%	10.26%
2014	11.39%	13.69%	$88.44	15.45%	7.67%	4.24%	9.85%	9.62%
2015	−0.73%	1.38%	$89.66	12.57%	7.30%	5.00%	8.19%	9.82%
2016	9.54%	11.96%	$100.38	14.66%	6.94%	6.69%	7.68%	9.15%
2017	19.42%	21.83%	$122.30	15.79%	8.49%	9.92%	7.19%	9.69%
2018	−6.24%	−4.38%	$116.94	8.49%	13.12%	7.77%	5.62%	9.07%
2019	28.88%	31.49%	$153.76	11.70%	13.56%	9.00%	6.06%	10.22%
2020	16.26%	18.40%	$182.06	15.22%	13.89%	9.88%	7.47%	9.56%
2021	26.89%	28.71%	$234.33	18.48%	16.55%	10.66%	9.52%	9.76%
2022	−19.44%	−18.11%	$191.89	9.42%	12.56%	8.81%	9.80%	7.64%
Low	−38.49%	−37.00%	---	−2.35%	−1.38%	4.24%	5.62%	7.64%
Median	12.31%	15.06%	---	13.96%	12.75%	10.66%	11.45%	10.54%
Year	Change in Index	Total Annual Return, Including Dividends	Value of $1.00 Invested on 1970‑01‑01	5-Year Annualized Return	10-Year Annualized Return	15-Year Annualized Return	20-Year Annualized Return	25-Year Annualized Return","Extract the total annual return of S&P500 over the last 10 years, and place them in the format {Source} - {Percentage}",
brainstorming,,What is the attraction in the United States for the Jeep Wrangler?,
general_qa,,Why is professional wrestling entertaining?,
general_qa,,How is pickleball different from tennis?,
information_extraction,"The name Tagore is the anglicised transliteration of Thakur. The original surname of the Tagores was Kushari. They were Pirali Brahmin ('Pirali’ historically carried a stigmatized and pejorative connotation) originally belonged to a village named Kush in the district named Burdwan in West Bengal. The biographer of Rabindranath Tagore, Prabhat Kumar Mukhopadhyaya wrote in the first volume of his book Rabindrajibani O Rabindra Sahitya Prabeshak that

The Kusharis were the descendants of Deen Kushari, the son of Bhatta Narayana; Deen was granted a village named Kush (in Burdwan zilla) by Maharaja Kshitisura, he became its chief and came to be known as Kushari.

Life and events
Early life: 1861–1878
Main article: Early life of Rabindranath Tagore

Young Tagore in London, 1879
The last two days a storm has been raging, similar to the description in my song—Jhauro jhauro borishe baridhara  [... amidst it] a hapless, homeless man drenched from top to toe standing on the roof of his steamer [...] the last two days I have been singing this song over and over [...] as a result the pelting sound of the intense rain, the wail of the wind, the sound of the heaving Gorai River, [...] have assumed a fresh life and found a new language and I have felt like a major actor in this new musical drama unfolding before me.

— Letter to Indira Devi.
The youngest of 13 surviving children, Tagore (nicknamed ""Rabi"") was born on 7 May 1861 in the Jorasanko mansion in Calcutta, the son of Debendranath Tagore (1817–1905) and Sarada Devi (1830–1875).

Black-and-white photograph of a finely dressed man and woman: the man, smiling, stands with the hand on the hip and elbow turned outward with a shawl draped over his shoulders and in Bengali formal wear. In front of him, the woman, seated, is in elaborate dress and shawl; she leans against a carved table supporting a vase and flowing leaves.
Tagore and his wife Mrinalini Devi, 1883
Tagore was raised mostly by servants; his mother had died in his early childhood and his father travelled widely. The Tagore family was at the forefront of the Bengal renaissance. They hosted the publication of literary magazines; theatre and recitals of Bengali and Western classical music featured there regularly. Tagore's father invited several professional Dhrupad musicians to stay in the house and teach Indian classical music to the children. Tagore's oldest brother Dwijendranath was a philosopher and poet. Another brother, Satyendranath, was the first Indian appointed to the elite and formerly all-European Indian Civil Service. Yet another brother, Jyotirindranath, was a musician, composer, and playwright. His sister Swarnakumari became a novelist. Jyotirindranath's wife Kadambari Devi, slightly older than Tagore, was a dear friend and powerful influence. Her abrupt suicide in 1884, soon after he married, left him profoundly distraught for years.","From the passage provided, extract Tagore's nickname",
information_extraction,"The ISS programme evolved from the Space Station Freedom, a 1984 American proposal to construct a permanently crewed Earth-orbiting station, and the contemporaneous Soviet/Russian Mir-2 proposal from 1976 with similar aims. The ISS is the ninth space station to be inhabited by crews, following the Soviet and later Russian Salyut, Almaz, and Mir stations and the American Skylab. It is the largest artificial object in the solar system and the largest satellite in low Earth orbit, regularly visible to the naked eye from Earth's surface. It maintains an orbit with an average altitude of 400 kilometres (250 mi) by means of reboost manoeuvres using the engines of the Zvezda Service Module or visiting spacecraft. The ISS circles the Earth in roughly 93 minutes, completing 15.5 orbits per day.","From the passage provided, extract the average altitude in miles that the ISS orbits at.",
information_extraction,"Swift signed a record deal with Big Machine Records in 2005 and released her eponymous debut album the following year. With 157 weeks on the Billboard 200 by December 2009, the album was the longest-charting album of the 2000s decade. Swift's second studio album, Fearless (2008), topped the Billboard 200 for 11 weeks and was the only album from the 2000s decade to spend one year in the top 10. The album was certified Diamond by the RIAA. It also topped charts in Australia and Canada, and has sold 12 million copies worldwide. Her third studio album, the self-written Speak Now (2010), spent six weeks atop the Billboard 200 and topped charts in Australia, Canada, and New Zealand.","From the passage provided, extract the second studio album that Taylor Swift released.",
open_qa,,Is tap water safe to drink in Japan?,
classification,,"Classify each of the following bands as Classic Rock , or not: Led Zeppelin, Jimi Hendrix, Journey, Rolling Stones, Miley Cyrus, Taylor Swift, Aerosmith",
open_qa,,What is the best-selling book of all time?,
information_extraction,"Because endocrinology encompasses so many conditions and diseases, there are many organizations that provide education to patients and the public. The Hormone Foundation is the public education affiliate of The Endocrine Society and provides information on all endocrine-related conditions. Other educational organizations that focus on one or more endocrine-related conditions include the American Diabetes Association, Human Growth Foundation, American Menopause Foundation, Inc., and Thyroid Foundation of America.[citation needed]

In North America the principal professional organizations of endocrinologists include The Endocrine Society, the American Association of Clinical Endocrinologists, the American Diabetes Association, the Lawson Wilkins Pediatric Endocrine Society, and the American Thyroid Association.

In Europe, the European Society of Endocrinology (ESE) and the European Society for Paediatric Endocrinology (ESPE) are the main organisations representing professionals in the fields of adult and paediatric endocrinology, respectively.

In the United Kingdom, the Society for Endocrinology and the British Society for Paediatric Endocrinology and Diabetes are the main professional organisations.

The European Society for Paediatric Endocrinology is the largest international professional association dedicated solely to paediatric endocrinology. There are numerous similar associations around the world.",List some of the endocrinology societies and organizations within Europe and specifically talk about the United Kingdom.,
information_extraction,"Sunset, also known as sundown, is the daily disappearance of the Sun below the horizon due to Earth's rotation. As viewed from everywhere on Earth (except the North and South poles), the equinox Sun sets due west at the moment of both the spring and autumn equinoxes. As viewed from the Northern Hemisphere, the Sun sets to the northwest (or not at all) in the spring and summer, and to the southwest in the autumn and winter; these seasons are reversed for the Southern Hemisphere.
The time of sunset is defined in astronomy as the moment when the upper limb of the Sun disappears below the horizon. Near the horizon, atmospheric refraction causes sunlight rays to be distorted to such an extent that geometrically the solar disk is already about one diameter below the horizon when a sunset is observed.
Sunset is distinct from twilight, which is divided into three stages. The first one is civil twilight, which begins once the Sun has disappeared below the horizon, and continues until it descends to 6 degrees below the horizon. The second phase is nautical twilight, between 6 and 12 degrees below the horizon. The third phase is astronomical twilight, which is the period when the Sun is between 12 and 18 degrees below the horizon. Dusk is at the very end of astronomical twilight, and is the darkest moment of twilight just before night. Finally, night occurs when the Sun reaches 18 degrees below the horizon and no longer illuminates the sky.
Locations further north than the Arctic Circle and further south than the Antarctic Circle experience no full sunset or sunrise on at least one day of the year, when the polar day or the polar night persists continuously for 24 hours.",What is Sunset?,
open_qa,,Which field hockey team has won the Stanley Cup twice in a row?,
closed_qa,"A minimum spanning tree (MST) or minimum weight spanning tree is a subset of the edges of a connected, edge-weighted undirected graph that connects all the vertices together, without any cycles and with the minimum possible total edge weight. That is, it is a spanning tree whose sum of edge weights is as small as possible. More generally, any edge-weighted undirected graph (not necessarily connected) has a minimum spanning forest, which is a union of the minimum spanning trees for its connected components.

There are many use cases for minimum spanning trees. One example is a telecommunications company trying to lay cable in a new neighborhood. If it is constrained to bury the cable only along certain paths (e.g. roads), then there would be a graph containing the points (e.g. houses) connected by those paths. Some of the paths might be more expensive, because they are longer, or require the cable to be buried deeper; these paths would be represented by edges with larger weights. Currency is an acceptable unit for edge weight – there is no requirement for edge lengths to obey normal rules of geometry such as the triangle inequality. A spanning tree for that graph would be a subset of those paths that has no cycles but still connects every house; there might be several spanning trees possible. A minimum spanning tree would be one with the lowest total cost, representing the least expensive path for laying the cable.","Based on the text provided, what does a minimum spanning tree optimize?",
open_qa,,"Who sings the song ""Riptide""?",
general_qa,,Can you tell if someone has hypothyroidism by looking at their face?,
general_qa,,What is recency bias?,
classification,,"From the following list, categorize the what country these dishes originate from: Tamales, Butter Chicken, Mac and Cheese, Pizza, Pozole, Nicoise Salad, Ramen, Trifle, Empanadas, Ceviche, Feijoda, Burrito, Jollaf Rice, Tagine, Couscous",
general_qa,,What are Jindo dogs like?,
open_qa,,Who wrote the children's novel Swallows and Amazons,
general_qa,,"Which phone OS is better, IOS or Android?",
summarization,"Virat Kohli (Hindi pronunciation:  born 5 November 1988) is an Indian international cricketer and former captain of the Indian national cricket team. He now plays as a right-handed batter for Royal Challengers Bangalore in the IPL and for Delhi in Indian domestic cricket. He is widely recognised as one of the best batsman in cricket history. He is the second most prolific international century batsman in cricket history. The International Cricket Council elected him the male cricketer of the decade despite holding the record for most runs in T20 internationals and the IPL. Kohli has also contributed to a number of India's victories, including the 2011 World Cup and the 2013 Champions Trophy.",Who is the finest Indian cricketer right now?,
classification,,"Which is a bird or fish: Redhorse sucker, Red-necked grebe",
summarization,"A rainbow is an optical phenomenon that can occur under certain meteorological conditions. It is caused by reflection, refraction and dispersion of light in water droplets resulting in an effect similar to a spectrum of light appearing in the sky. It takes the form of a multicoloured circular arc. Rainbows caused by sunlight always appear in the section of sky directly opposite the Sun.
Rainbows can be full circles. However, the observer normally sees only an arc formed by illuminated droplets above the ground, and centered on a line from the Sun to the observer's eye.
In a primary rainbow, the arc shows red on the outer part and violet on the inner side. This rainbow is caused by light being refracted when entering a droplet of water, then reflected inside on the back of the droplet and refracted again when leaving it.
In a double rainbow, a second arc is seen outside the primary arc, and has the order of its colours reversed, with red on the inner side of the arc. This is caused by the light being reflected twice on the inside of the droplet before leaving it.","Without quoting directly from the text, give me a summary of how rainbows are formed.",
classification,,"Which of the following are considered golf clubs: woods, irons, jellies, sliders, hybrids, wedges, driver, squeaker, putters",
brainstorming,,Give me a list of the top US mobile service providers,
information_extraction,"Once, the sages wanted to decide the deity to dedicate a ritual. The sages appointed the sage Bhrigu to select the god. Bhrigu decided to test the gods. He first went to the King of Svarga, Indra, who ignored the sage, and was busy in enjoying the dance of apsaras in heaven. Bhrigu cursed Indra that he would only be referred to as an egoistic soul, all over the universe. He next visited Brahma. Brahma was busy with his four heads in chanting the Vedas, performing meditation, creating the world, and spending his time with his wife, Saraswati. Next, he visited Shiva. Shiva was busy in his Rudradhyanam with his wife, Parvati, at his feet. Bhrigu cursed Shiva that he would be worshipped only in the formless Lingam. At last, Bhrigu went to Vishnu. Vishnu was sleeping on Adishesha, and Lakshmi was at his feet. When Bhrigu arrived, he first saw Vishnu's feet, and felt humiliated. Enraged, he kicked Vishnu on his chest. Awakened, Vishnu started massaging Bhrigu's feet, and served him with great hospitality. Bhrigu was pleased, and ordered the sages to perform the rites to Vishnu. Lakshmi quarreled with Vishnu, as she felt that Bhrigu insulted her indirectly by hitting Vishnu on his chest where she lived, and thus left Vaikuntha.

She settled on earth in disguise as a young-sage like boy in the ancient city of Karvir, and meditated the name of Vishnu (Regarded by adherents to be the site of the Mahalakshmi temple). Vishnu soon arrived on earth, searching for his consort. He failed to find her, and instead settled on the Seshachalam hills. This happened to be the spot in Tirupati where Varaha had rested and taught Karma Yoga to the people till the beginning of Kali Yuga, after having rescuing Bhudevi from the wicked Hiranyaksha. Vishnu sat inside an anthill in his disguise, which was situated under a tamarind tree, and started chanting the name of his wife, Mahalakshmi.

The whole earth became gloomy. On the request of Parvati and Saraswati, Shiva and Brahma incarnated as a cow and a calf respectively, in the Chola kingdom. This cow and calf were being grazed daily by a shepherd of Chola kingdom in the Seshachalam hills. Everyday, the cow used to pour her milk into the anthill to lessen the thirst of Vishnu. Due to this, the cow and calf became pale and unhealthy. The shepherd noticed this, and felt that something was awry. The next day, the shepherd took the animals for grazing, and as was the custom, the cow poured milk into the anthill. The shepherd saw this act, and he threw an axe (parasu) on the cow and calf. Vishnu noticed, and in order to protect them, Vishnu arose from the anthill and the axe hit his own forehead (the blood poured as his namam on his head). An enraged Vishnu cursed the shepherd that he would die immediately, and the latter succumbed to the blow of his own axe. This news reached the Chola king. The ruler suspected the absence of the shepherd. He went near the grazing field, and was surprised to see the corpse of the shepherd. He went to the grazing field, where the cows were offering their milk to Vishnu. However, Vishnu was in disguise, and so the king could not identify him. The king strung his arrow, believing that the milk should serve the kingdom rather than the boy he saw. Vishnu, once again, emerged, and grew enormous, stopped the arrows from passing further and he cursed the king for not maintaining the dharma of his kingdom. The king repented and surrendered at the deity's feet. Unlike the shepherd, the king had realised his mistake, which pleased Vishnu, and hence presented him with the boon that he would marry the king's daughter in his next birth.

In his next birth, Vishnu incarnated as Srinivasa, to a woman named Vakuladevi. It is said that in the Dvapara Yuga, Krishna presented Yashoda with a boon that he would be born to the former in the Kali Yuga. Vakuladevi is regarded as the reincarnation of Yashoda. Meanwhile, the goddess Lakshmi was born at the palace of Akasha Raja, the next birth of the Chola king. Srinivasa was a forest-dweller. One day, he met a beautiful girl named Padmavati, the princess of the Chola dynasty. Padmavati fell in love with Srinivasa , and decided to marry him. According to the boon of Vishnu to the Chola king in their previous births, Srinivasa has to marry Padmavati, princess of Chola dynasty. For the marriage expenses, Srinivasa borrowed riches from Kubera, and promised to repay the loan with interest at the end of the Kali Yuga.",From the passage list down the various Gods whom Bhrigu visited. List the results in comma separated format.,
brainstorming,,"Can you sort these events from newest to oldest: James Cameron's movie Titanic was released, Leo Messi won world cup for Argentina, Barak Obama became president.",
open_qa,,Where did Alexander Digeon fought,
open_qa,,Who created Tetris?,
information_extraction,"Swift signed a record deal with Big Machine Records in 2005 and released her eponymous debut album the following year. With 157 weeks on the Billboard 200 by December 2009, the album was the longest-charting album of the 2000s decade. Swift's second studio album, Fearless (2008), topped the Billboard 200 for 11 weeks and was the only album from the 2000s decade to spend one year in the top 10. The album was certified Diamond by the RIAA. It also topped charts in Australia and Canada, and has sold 12 million copies worldwide. Her third studio album, the self-written Speak Now (2010), spent six weeks atop the Billboard 200 and topped charts in Australia, Canada, and New Zealand.

Her fourth studio album, Red (2012), was her first number-one album in the United Kingdom. It topped charts in Australia, Canada, Ireland, New Zealand, and spent seven weeks at number one on the Billboard 200. Swift scored her fourth US number-one album with 1989 (2014), which topped the Billboard 200 for 11 weeks and was certified 9× Platinum by the RIAA. It topped the charts in other countries including Australia, Canada, and New Zealand. Her sixth studio album, Reputation (2017), made Swift the first music artist to have four consecutive albums each sell over one million copies within its debut week. It spent four weeks atop the Billboard 200.

Exiting Big Machine, Swift signed with Universal Music Group label Republic Records in 2018. Her seventh studio album, Lover (2019), was the year's global best-selling album by a solo artist. Swift released two studio albums in 2020, Folklore and Evermore, which respectively spent eight and four weeks atop the Billboard 200. Swift released two re-recorded albums, Fearless (Taylor's Version) and Red (Taylor's Version), in 2021, after a dispute with Big Machine over the rights to the masters of her first six albums; the former was the first re-recorded album to top the Billboard 200. Swift's tenth original studio album, Midnights (2022), became her fifth to sell over a million US first-week copies; It was also the first album to sell over a million physical sales since 2015.",Extract the names of all of the albums that Taylor Swift has released. Separate them with a comma.,
open_qa,,What is genomic medicine?,
closed_qa,Who is Luka Modric?,"Luka Modrić (Croatian pronunciation: [lûːka mǒːdritɕ]; born 9 September 1985) is a Croatian professional footballer who plays as a midfielder for La Liga club Real Madrid and captains the Croatia national team. He plays mainly as a central midfielder, but can also play as an attacking midfielder or as a defensive midfielder. He is widely regarded as one of the greatest midfielders of all time, and as the greatest ever Croatian footballer.

Born in Zadar, Modrić's childhood coincided with the Croatian War of Independence which displaced his family. In 2002, he was signed by Dinamo Zagreb at age 16, after showing promise with his hometown club NK Zadar's youth team. He continued his development in Zagreb, before spells on loan to Zrinjski Mostar and Inter Zaprešić. He made his debut for Dinamo in 2005 and won three consecutive league titles and domestic cups, being named the Prva HNL Player of the Year in 2007. In 2008, he moved to Premier League club Tottenham Hotspur for a club-record transfer fee of £16.5 million, where he led Spurs to their first UEFA Champions League appearance in almost 50 years, reaching the quarter-finals of the 2010–11 tournament.

In the summer of 2012, Modrić joined Real Madrid for a £30 million transfer fee. There he became a key contributor and helped the team win La Décima and was selected for the 2013–14 Champions League squad of the season. After Zinedine Zidane took over Madrid, Modrić was critical to three consecutive Champions League titles from 2015–16 to 2017–18, each time being voted into the squad of the season. He has won twenty-two major trophies at Real Madrid, including five UEFA Champions League titles, three La Liga titles, one Copa del Rey, four Supercopa de España titles, four UEFA Super Cup titles and five FIFA Club World Cup titles. He won the La Liga Award for ""Best Midfielder"" in 2016 for the second time, and the UEFA Club Football Award for ""Best Midfielder"" in 2017 and 2018. In 2015, he became the first Croatian player to be included in the FIFA FIFPRO World 11, in which he was regularly included until 2019 and then again in 2022, as well in the UEFA Team of the Year between 2016 and 2018. In 2018, Modrić became the first Croatian player to win the UEFA Men's Player of the Year Award, and by winning The Best FIFA Men's Player and Ballon d'Or awards, he became the first player other than Lionel Messi or Cristiano Ronaldo to claim the awards in more than a decade. In 2019, he was awarded the Golden Foot award for career results and personality.

Modrić made his international debut for Croatia against Argentina in March 2006, and scored his first international goal in a friendly match against Italy. Modrić has anchored Croatia's ""second Golden Generation"", participating in every major tournament Croatia has qualified for, including the UEFA Euro 2008, 2012, 2016, and 2020, as well as the 2006, 2014, 2018, and 2022 FIFA World Cup. At the Euro 2008, he was selected for the Team of the Tournament, becoming only the second Croatian to ever achieve this honour. Following group stage eliminations in his first two World Cups, Modrić led Croatia to the 2018 World Cup Final, winning the Golden Ball in process. At the following tournament, he led the team to a third-place finish, winning the Bronze Ball in process. In March 2021, he went on to become the country's most capped player in history. Furthermore, he has been named Croatian Footballer of the Year a record eleven times between 2007 and 2022.",
information_extraction,"The contemporary national legal systems are generally based on one of four basic systems: civil law, common law, statutory law, religious law or combinations of these. However, the legal system of each country is shaped by its unique history and so incorporates individual variations. The science that studies law at the level of legal systems is called comparative law.

Both civil (also known as Roman) and common law systems can be considered the most widespread in the world: civil law because it is the most widespread by landmass and by population overall, and common law because it is employed by the greatest number of people compared to any single civil law system.",List the basis of contemporary national legal systems from the passage. Display the results in comma separated format.,
open_qa,,What are the world's most popular sports?,
general_qa,,Is it important to have friends?,
creative_writing,,"Write a paragraph about the word ""woman"".",
closed_qa,"Detective Hieronymus ""Harry"" Bosch is a fictional character created by American author Michael Connelly. Bosch debuted as the lead character in the 1992 novel The Black Echo, the first in a best-selling police procedural series now numbering 24 novels.

The novels are more or less coincident in timeframe with the year in which they were published. Harry, as he is commonly known by his associates, is a veteran police homicide detective with the Los Angeles Police Department. He was named after the 15th-century Dutch artist Hieronymus Bosch.

Titus Welliver portrayed the title character from 2015 to 2021 in Bosch, a television series adapted from the novels, and from 2022 in its spin-off series Bosch: Legacy.",Which fictional LAPD detective is Titus Welliver known for playing?,
classification,,"Of the following, which are characters from the TV show ""I Love Lucy:"" Lucy Ricardo, Ethel Mertz, Donald Trump, John Fitzgerald Kennedy, Ricky Ricardo, Fred Mertz, Batman, John Smith",
general_qa,,Why do people like macaroni and cheese and how is it made?,
general_qa,,"Extract the current cash rate from the following using the format: {x} percent

At its meeting today, the Board decided to increase the cash rate target by 25 basis points to 3.60 per cent. It also increased the interest rate on Exchange Settlement balances by 25 basis points to 3.50 per cent.
Global inflation remains very high. In headline terms it is moderating, although services price inflation remains elevated in many economies. It will be some time before inflation is back to target rates. The outlook for the global economy remains subdued, with below average growth expected this year and next.
The monthly CPI indicator suggests that inflation has peaked in Australia. Goods price inflation is expected to moderate over the months ahead due to both global developments and softer demand in Australia. Services price inflation remains high, with strong demand for some services over the summer. Rents are increasing at the fastest rate in some years, with vacancy rates low in many parts of the country. The central forecast is for inflation to decline this year and next, to be around 3 per cent in mid-2025. Medium-term inflation expectations remain well anchored, and it is important that this remains the case.
Growth in the Australian economy has slowed, with GDP increasing by 0.5 per cent in the December quarter and 2.7 per cent over the year. Growth over the next couple of years is expected to be below trend. Household consumption growth has slowed due to the tighter financial conditions and the outlook for housing construction has softened. In contrast, the outlook for business investment remains positive, with many businesses operating at a very high level of capacity utilisation.",
closed_qa,"Carter attended Plains High School from 1937 to 1941, graduating from the eleventh grade, since the school did not have a twelfth grade. By that time, Archery and Plains had been impoverished by the Great Depression, but the family benefited from New Deal farming subsidies, and Carter's father took a position as a community leader. Carter himself was a diligent student with a fondness for reading. A popular anecdote holds that he was passed over for valedictorian after he and his friends skipped school to venture downtown in a hot rod. Carter's truancy was mentioned in a local newspaper, although it is not clear he would have otherwise been valedictorian. As an adolescent, Carter played on the Plains High School basketball team, and also joined a youth organization named the Future Farmers of America, which helped him develop a lifelong interest in woodworking.

Carter had long dreamed of attending the United States Naval Academy. In 1941, he started undergraduate coursework in engineering at Georgia Southwestern College in nearby Americus, Georgia. The following year, he transferred to the Georgia Institute of Technology in Atlanta, and he earned admission to the Naval Academy in 1943.  He was a good student but was seen as reserved and quiet, in contrast to the academy's culture of aggressive hazing of freshmen.  While at the academy, Carter fell in love with Rosalynn Smith, a friend of his sister Ruth. The two married shortly after his graduation in 1946. He was a sprint football player for the Navy Midshipmen. Carter graduated 60th out of 821 midshipmen in the class of 1947 with a Bachelor of Science degree and was commissioned as an ensign.","Given these two paragraphs, where did Jimmy Carter go to college?",
closed_qa,"George Koukou (born 25 May 1945) was acting Speaker of the National Transitional Legislative Assembly of Liberia from 17 March 2005 to January 2006. Originally from Nimba County, he now resides in the capital city of Monrovia. He is a member of the Mano ethnic group.

Prior to becoming a member of the National Transitional Legislative Assembly, Koukou was a senator from Nimba County. Koukou replaced George Dweh as Speaker of the transitional legislature on 17 March 2005 after Dweh was suspended indefinitely on 14 March for spending money without proper authorization.

On 17 July 2007, Koukou was arrested along with several others, including former army chief of staff Charles Julue, for alleged participation in a coup plot against President Ellen Johnson Sirleaf. He and Julu were charged with treason. Koukou claimed that he did not have the money to hire a lawyer. On 27 August, Monrovia Magistrate Court Judge Milton Taylor ruled that his court could not try Koukou because treason was above its jurisdiction, and he transferred the trial to Criminal Court ""A"".","Given a reference text about George Koukou, tell me when he was arrested and why.",
classification,,"Tell me whether these are indoor or outdoor games. 
Cricket, Table Tennis, Soccer, Carom",
general_qa,,What are the benefits of exercising and why one should workout everyday especially if you have a sedentary lifestyle that makes you sit all day long?,
general_qa,,What is OEE in manufacturing?,
general_qa,,Why is Chicago so windy?,
information_extraction,"The great white shark (Carcharodon carcharias), also known as the white shark, white pointer, or simply great white, is a species of large mackerel shark which can be found in the coastal surface waters of all the major oceans. It is notable for its size, with the largest preserved female specimen measuring 5.83 m (19.1 ft) in length and around 2,000 kg (4,410 lb) in weight at maturity. However, most are smaller; males measure 3.4 to 4.0 m (11 to 13 ft), and females measure 4.6 to 4.9 m (15 to 16 ft) on average. According to a 2014 study, the lifespan of great white sharks is estimated to be as long as 70 years or more, well above previous estimates, making it one of the longest lived cartilaginous fishes currently known. According to the same study, male great white sharks take 26 years to reach sexual maturity, while the females take 33 years to be ready to produce offspring. Great white sharks can swim at speeds of 25 km/h (16 mph) for short bursts and to depths of 1,200 m (3,900 ft).","From the passage provided, extract the average size of a female great white shark.",
information_extraction,"Long before any knowledge of electricity existed, people were aware of shocks from electric fish. Ancient Egyptian texts dating from 2750 BCE referred to these fish as the ""Thunderer of the Nile"", and described them as the ""protectors"" of all other fish. Electric fish were again reported millennia later by ancient Greek, Roman and Arabic naturalists and physicians. Several ancient writers, such as Pliny the Elder and Scribonius Largus, attested to the numbing effect of electric shocks delivered by electric catfish and electric rays, and knew that such shocks could travel along conducting objects. Patients with ailments such as gout or headache were directed to touch electric fish in the hope that the powerful jolt might cure them.
Ancient cultures around the Mediterranean knew that certain objects, such as rods of amber, could be rubbed with cat's fur to attract light objects like feathers. Thales of Miletus made a series of observations on static electricity around 600 BCE, from which he believed that friction rendered amber magnetic, in contrast to minerals such as magnetite, which needed no rubbing.
Thales was incorrect in believing the attraction was due to a magnetic effect, but later science would prove a link between magnetism and electricity. According to a controversial theory, the Parthians may have had knowledge of electroplating, based on the 1936 discovery of the Baghdad Battery, which resembles a galvanic cell, though it is uncertain whether the artifact was electrical in nature.
Electricity would remain little more than an intellectual curiosity for millennia until 1600, when the English scientist William Gilbert wrote De Magnete, in which he made a careful study of electricity and magnetism, distinguishing the lodestone effect from static electricity produced by rubbing amber. He coined the New Latin word electricus (""of amber"" or ""like amber"",, elektron, the Greek word for ""amber"") to refer to the property of attracting small objects after being rubbed. This association gave rise to the English words ""electric"" and ""electricity"", which made their first appearance in print in Thomas Browne's Pseudodoxia Epidemica of 1646.
Further work was conducted in the 17th and early 18th centuries by Otto von Guericke, Robert Boyle, Stephen Gray and C. F. du Fay. Later in the 18th century, Benjamin Franklin conducted extensive research in electricity, selling his possessions to fund his work. In June 1752 he is reputed to have attached a metal key to the bottom of a dampened kite string and flown the kite in a storm-threatened sky. A succession of sparks jumping from the key to the back of his hand showed that lightning was indeed electrical in nature. He also explained the apparently paradoxical behavior of the Leyden jar as a device for storing large amounts of electrical charge in terms of electricity consisting of both positive and negative charges
In 1775, Hugh Williamson reported a series of experiments to the Royal Society on the shocks delivered by the electric eel; that same year the surgeon and anatomist John Hunter described the structure of the fish's electric organs. In 1791, Luigi Galvani published his discovery of bioelectromagnetics, demonstrating that electricity was the medium by which neurons passed signals to the muscles. Alessandro Volta's battery, or voltaic pile, of 1800, made from alternating layers of zinc and copper, provided scientists with a more reliable source of electrical energy than the electrostatic machines previously used. The recognition of electromagnetism, the unity of electric and magnetic phenomena, is due to Hans Christian Ørsted and André-Marie Ampère in 1819–1820. Michael Faraday invented the electric motor in 1821, and Georg Ohm mathematically analysed the electrical circuit in 1827. Electricity and magnetism (and light) were definitively linked by James Clerk Maxwell, in particular in his ""On Physical Lines of Force"" in 1861 and 1862. 
While the early 19th century had seen rapid progress in electrical science, the late 19th century would see the greatest progress in electrical engineering. Through such people as Alexander Graham Bell, Ottó Bláthy, Thomas Edison, Galileo Ferraris, Oliver Heaviside, Ányos Jedlik, William Thomson, 1st Baron Kelvin, Charles Algernon Parsons, Werner von Siemens, Joseph Swan, Reginald Fessenden, Nikola Tesla and George Westinghouse, electricity turned from a scientific curiosity into an essential tool for modern life.
In 1887, Heinrich Hertz discovered that electrodes illuminated with ultraviolet light create electric sparks more easily. In 1905, Albert Einstein published a paper that explained experimental data from the photoelectric effect as being the result of light energy being carried in discrete quantized packets, energising electrons. This discovery led to the quantum revolution. Einstein was awarded the Nobel Prize in Physics in 1921 for ""his discovery of the law of the photoelectric effect"". The photoelectric effect is also employed in photocells such as can be found in solar panels.
The first solid-state device was the ""cat's-whisker detector"" first used in the 1900s in radio receivers. A whisker-like wire is placed lightly in contact with a solid crystal (such as a germanium crystal) to detect a radio signal by the contact junction effect. In a solid-state component, the current is confined to solid elements and compounds engineered specifically to switch and amplify it. Current flow can be understood in two forms: as negatively charged electrons, and as positively charged electron deficiencies called holes. These charges and holes are understood in terms of quantum physics. The building material is most often a crystalline semiconductor.
Solid-state electronics came into its own with the emergence of transistor technology. The first working transistor, a germanium-based point-contact transistor, was invented by John Bardeen and Walter Houser Brattain at Bell Labs in 1947, followed by the bipolar junction transistor in 1948.",Based on the following passage describe the first solid-state device and its use.,
brainstorming,,List five happy words,
general_qa,,"Boiling water is 100 degree in celsius, is that an obtuse angle?",
information_extraction,"India's first passenger train, operated by the Great Indian Peninsula Railway and hauled by three steam locomotives (Sahib, Sindh and Sultan), ran for 34 kilometres (21 mi) with 400 people in 14 carriages on 1,676 mm (5 ft 6 in) broad gauge track between Bori Bunder (Mumbai) and Thane on 16 April 1853. The Thane viaducts, India's first railway bridges, were built over the Thane creek when the Mumbai-Thane line was extended to Kalyan in May 1854. Eastern India's first passenger train ran 39 km (24 mi) from Howrah, near Kolkata, to Hoogly on 15 August 1854. The first passenger train in South India ran 97 km (60 mi) from Royapuram-Veyasarapady (Madras) to Wallajaroad (Arcot) on 1 July 1856.

On 24 February 1873, a horse-drawn 3.8 km (2.4 mi) tram opened in Calcutta between Sealdah and Armenian Ghat Street. On 9 May 1874, a horse-drawn tramway began operation in Bombay between Colaba and Parel. In 1879, the Nizam's Guaranteed State Railway was established which built several railway lines across the then Hyderabad State with Kachiguda Railway Station serving as its headquarters. In 1897, lighting in passenger coaches was introduced by many railway companies. On 3 February 1925, the first electric passenger train in India ran between Victoria Terminus and Kurla.",From the given paragraph extract all the cities that got the rail along with the year in the format {City} - {Year} and show as a bullet list,
closed_qa,"Magnetism is the class of physical attributes that are mediated by a magnetic field, which refers to the capacity to induce attractive and repulsive phenomena in other entities. Electric currents and the magnetic moments of elementary particles giving rise to a magnetic field, which acts on other currents and magnetic moments. Magnetism is one aspect of the combined phenomena of electromagnetism. The most familiar effects occur in ferromagnetic materials, which are strongly attracted by magnetic fields and can be magnetized to become permanent magnets, producing magnetic fields themselves. Demagnetizing a magnet is also possible. Only a few substances are ferromagnetic; the most common ones are iron, cobalt, and nickel and their alloys. The rare-earth metals neodymium and samarium are less common examples. The prefix ferro- refers to iron because permanent magnetism was first observed in lodestone, a form of natural iron ore called magnetite, Fe3O4.

All substances exhibit some type of magnetism. Magnetic materials are classified according to their bulk susceptibility. Ferromagnetism is responsible for most of the effects of magnetism encountered in everyday life, but there are actually several types of magnetism. Paramagnetic substances, such as aluminium and oxygen, are weakly attracted to an applied magnetic field; diamagnetic substances, such as copper and carbon, are weakly repelled; while antiferromagnetic materials, such as chromium and spin glasses, have a more complex relationship with a magnetic field. The force of a magnet on paramagnetic, diamagnetic, and antiferromagnetic materials is usually too weak to be felt and can be detected only by laboratory instruments, so in everyday life, these substances are often described as non-magnetic.","Given a reference text about magnetism, tell me the definition of magnetism and how magnetic materials are classified.",
open_qa,,What is a balloon?,
classification,,"Identify which car manufacturer is German or American: Maybach, Panoz",
brainstorming,,How to bake the perfect flourless cheesecake?,
open_qa,,How do you maintain good dental hygiene,
classification,,"Identify which instrument is string or percussion: Thavil, Seni rebab",
classification,,"Classify the below as food or drinks.
Fish, Meat, Salad, Apple, Lemonade, Coffee, Tea",
summarization,"ProSavin is an experimental drug believed to be of use in the treatment of Parkinson's disease. It is administered to the striatum in the brain, inducing production of dopamine.

It is manufactured by Oxford BioMedica. Results from a Phase I/II clinical trial were published in the Lancet and showed safety, but little efficacy. ProSavin was superseded by AXO-Lenti-PD (OXB-102), an optimized version of the drug.",What is ProSavin,
open_qa,,Van Halen famously banned what color M&Ms in their rider?,
summarization,"Set theory is the branch of mathematical logic that studies sets, which can be informally described as collections of objects. Although objects of any kind can be collected into a set, set theory, as a branch of mathematics, is mostly concerned with those that are relevant to mathematics as a whole.

The modern study of set theory was initiated by the German mathematicians Richard Dedekind and Georg Cantor in the 1870s. In particular, Georg Cantor is commonly considered the founder of set theory. The non-formalized systems investigated during this early stage go under the name of naive set theory. After the discovery of paradoxes within naive set theory (such as Russell's paradox, Cantor's paradox and the Burali-Forti paradox) various axiomatic systems were proposed in the early twentieth century, of which Zermelo–Fraenkel set theory (with or without the axiom of choice) is still the best-known and most studied.

Set theory is commonly employed as a foundational system for the whole of mathematics, particularly in the form of Zermelo–Fraenkel set theory with the axiom of choice. Besides its foundational role, set theory also provides the framework to develop a mathematical theory of infinity, and has various applications in computer science (such as in the theory of relational algebra), philosophy and formal semantics. Its foundational appeal, together with its paradoxes, its implications for the concept of infinity and its multiple applications, have made set theory an area of major interest for logicians and philosophers of mathematics. Contemporary research into set theory covers a vast array of topics, ranging from the structure of the real number line to the study of the consistency of large cardinals.",Where can set theory be applied?,
closed_qa,"The European Union (EU) is a supranational political and economic union of 27 member states that are located primarily in Europe. The union has a total area of 4,233,255.3 km2 (1,634,469.0 sq mi) and an estimated total population of nearly 447 million. The EU has often been described as a sui generis political entity (without precedent or comparison) combining the characteristics of both a federation and a confederation.",How many member states does the European Union have?,
general_qa,,What are some of the best TV shows on HBO?,
open_qa,,"In the series A Song of Ice and Fire, who is the founder of House Martell?",
creative_writing,,What are the unethical behaviors in the corporate world? Illustrate with an example.,
brainstorming,,Best Airline in the world,
information_extraction,"Cytokines are a broad and loose category of small proteins (~5–25 kDa) important in cell signaling. Cytokines are peptides and cannot cross the lipid bilayer of cells to enter the cytoplasm. Cytokines have been shown to be involved in autocrine, paracrine and endocrine signaling as immunomodulating agents.Cytokines include chemokines, interferons, interleukins, lymphokines, and tumour necrosis factors, but generally not hormones or growth factors (despite some overlap in the terminology). Cytokines are produced by a broad range of cells, including immune cells like macrophages, B lymphocytes, T lymphocytes and mast cells, as well as endothelial cells, fibroblasts, and various stromal cells; a given cytokine may be produced by more than one type of cell. They act through cell surface receptors and are especially important in the immune system; cytokines modulate the balance between humoral and cell-based immune responses, and they regulate the maturation, growth, and responsiveness of particular cell populations. Some cytokines enhance or inhibit the action of other cytokines in complex ways. They are different from hormones, which are also important cell signaling molecules. Hormones circulate in higher concentrations, and tend to be made by specific kinds of cells. Cytokines are important in health and disease, specifically in host immune responses to infection, inflammation, trauma, sepsis, cancer, and reproduction.The word comes from the ancient Greek language: cyto, from Greek κύτος, kytos, 'cavity, cell' + kines, from Greek κίνησις, kinēsis, 'movement'.",From the passage identify the areas where cytokines can help the host immune responses. Display the results in a comma separated format.,
closed_qa,"According to the World Register of Marine Species, there are only two genera in this family. Previously there were about 26, but most of these have been reallocated as sub-genera of the remaining two genera, Mycale and Phlyctaenopora:","If there are only two genera remaining, what happened to the other 24?",
open_qa,,What was Skippy ( on TV ),
open_qa,,Can you name five of the most successful professional golfers in history?,
information_extraction,"Field offices by region
The following list of all UNESCO Field Offices is organized geographically by UNESCO Region and identifies the members states and associate members of UNESCO which are served by each office.

Africa
Abidjan – National Office to Côte d'Ivoire
Abuja – National Office to Nigeria
Accra – Cluster Office for Benin, Côte d'Ivoire, Ghana, Liberia, Nigeria, Sierra Leone and Togo
Addis Ababa – Liaison Office with the African Union and with the Economic Commission for Africa
Bamako – Cluster Office for Burkina Faso, Guinea, Mali and Niger
Brazzaville – National Office to the Republic of the Congo
Bujumbura – National Office to Burundi
Dakar – Regional Bureau for Education in Africa and Cluster Office for Cape Verde, Gambia, Guinea-Bissau, and Senegal
Dar es Salaam – Cluster Office for Comoros, Madagascar, Mauritius, Seychelles and Tanzania
Harare – Cluster Office for Botswana, Malawi, Mozambique, Zambia and Zimbabwe
Juba – National Office to South Sudan
Kinshasa – National Office to the Democratic Republic of the Congo
Libreville – Cluster Office for the Republic of the Congo, Democratic Republic of the Congo, Equatorial Guinea, Gabon and São Tomé and Príncipe
Maputo – National Office to Mozambique
Nairobi – Regional Bureau for Sciences in Africa and Cluster Office for Burundi, Djibouti, Eritrea, Kenya, Rwanda, Somalia, South Sudan and Uganda
Windhoek – National Office to Namibia
Yaoundé – Cluster Office to Cameroon, Central African Republic and Chad
Arab States
Amman – National Office to Jordan
Beirut – Regional Bureau for Education in the Arab States and Cluster Office to Lebanon, Syria, Jordan, Iraq and Palestine
Cairo – Regional Bureau for Sciences in the Arab States and Cluster Office for Egypt and Sudan
Doha – Cluster Office to Bahrain, Kuwait, Oman, Qatar, Saudi Arabia, United Arab Emirates and Yemen
Iraq – National Office for Iraq (currently located in Amman, Jordan)
Khartoum – National Office to Sudan
Manama – Arab Regional Centre for World Heritage
Rabat – Cluster Office to Algeria, Libya, Mauritania, Morocco and Tunisia
Ramallah – National Office to the Palestinian Territories
Asia and Pacific
See also: UNESCO Asia Pacific Heritage Awards
Almaty – Cluster Office to Kazakhstan, Kyrgyzstan, Tajikistan and Uzbekistan
Apia – Cluster Office to Australia, Cook Islands, Fiji, Kiribati, Marshall Islands, Federated States of Micronesia, Nauru, New Zealand, Niue, Palau, Papua New Guinea, Samoa, Solomon Islands, Tonga, Tuvalu, Vanuatu and Tokelau (Associate Member)
Bangkok – Regional Bureau for Education in Asia and the Pacific and Cluster Office to Thailand, Burma, Laos, Singapore and Vietnam
Beijing – Cluster Office to North Korea, Japan, Mongolia, the People's Republic of China and South Korea
Dhaka – National Office to Bangladesh
Hanoi – National Office to Vietnam
Islamabad – National Office to Pakistan
Jakarta – Regional Bureau for Sciences in Asia and the Pacific and Cluster Office to the Philippines, Brunei, Indonesia, Malaysia, and East Timor
Manila – National Office to the Philippines
Kabul – National Office to Afghanistan
Kathmandu – National Office to Nepal
New Delhi – Cluster Office to Bangladesh, Bhutan, India, Maldives and Sri Lanka
Phnom Penh – National Office to Cambodia
Tashkent – National Office to Uzbekistan
Tehran – Cluster Office to Afghanistan, Iran, Pakistan and Turkmenistan
Europe and North America
Brussels – Liaison Office to the European Union and its subsidiary bodies in Brussels
Geneva – Liaison Office to the United Nations in Geneva
New York City – Liaison Office to the United Nations in New York
Venice – Regional Bureau for Sciences and Culture in Europe
Latin America and the Caribbean

Carondelet Palace, Presidential Palace – with changing of the guards. The Historic Center of Quito, Ecuador, is one of the largest, least-altered and best-preserved historic centres in the Americas. This centre was, together with the historic centre of Kraków in Poland, the first to be declared World Heritage Site by UNESCO on 18 September 1978.
Brasília – National Office to Brazil
Guatemala City – National Office to Guatemala
Havana – Regional Bureau for Culture in Latin America and the Caribbean and Cluster Office to Cuba, Dominican Republic, Haiti and Aruba
Kingston – Cluster Office to Antigua and Barbuda, Bahamas, Barbados, Belize, Dominica, Grenada, Guyana, Jamaica, Saint Kitts and Nevis, Saint Lucia, Saint Vincent and the Grenadines, Suriname and Trinidad and Tobago as well as the associate member states of British Virgin Islands, Cayman Islands, Curaçao and Sint Maarten
Lima – National Office to Peru
Mexico City – National Office to Mexico
Montevideo – Regional Bureau for Sciences in Latin America and the Caribbean and Cluster Office to Argentina, Brazil, Chile, Paraguay and Uruguay
Port-au-Prince – National Office to Haiti
Quito – Cluster Office to Bolivia, Colombia, Ecuador and Venezuela
San José – Cluster Office to Costa Rica, El Salvador, Guatemala, Honduras, Mexico, Nicaragua and Panama
Santiago de Chile – Regional Bureau for Education in Latin America and the Caribbean and National Office to Chile",Extract the names of the cities where UNESCO has field offices in Asia and Pacific. Separate them with a semi-colon,
brainstorming,,Give me 5 ways to use a ripe avocado,
summarization,"Magnum Photos
In early 1947, Cartier-Bresson, with Robert Capa, David Seymour, William Vandivert and George Rodger founded Magnum Photos. Capa's brainchild, Magnum was a cooperative picture agency owned by its members. The team split photo assignments among the members. Rodger, who had quit Life in London after covering World War II, would cover Africa and the Middle East. Chim, who spoke a variety of European languages, would work in Europe. Cartier-Bresson would be assigned to India and China. Vandivert, who had also left Life, would work in America, and Capa would work anywhere that had an assignment. Maria Eisner managed the Paris office and Rita Vandivert, Vandivert's wife, managed the New York office and became Magnum's first president.

Cartier-Bresson achieved international recognition for his coverage of Gandhi's funeral in India in 1948 and the last stage of the Chinese Civil War in 1949. He covered the last six months of the Kuomintang administration and the first six months of the Maoist People's Republic. He also photographed the last surviving Imperial eunuchs in Beijing, as the city was being liberated by the communists. In Shanghai, he often worked in the company of photojournalist Sam Tata, whom Cartier-Bresson had previously befriended in Bombay. From China, he went on to Dutch East Indies (Indonesia), where he documented the gaining of independence from the Dutch. In 1950, Cartier-Bresson had traveled to the South India. He had visited Tiruvannamalai, a town in the Indian State of Tamil Nadu and photographed the last moments of Ramana Maharishi, Sri Ramana Ashram and its surroundings. A few days later he also visited and photographed Sri Aurobindo, Mother and Sri Aurobindo Ashram, Pondicherry.

Magnum's mission was to ""feel the pulse"" of the times and some of its first projects were People Live Everywhere, Youth of the World, Women of the World and The Child Generation. Magnum aimed to use photography in the service of humanity, and provided arresting, widely viewed images.

The Decisive Moment

1952 US edition of Cartier-Bresson's 1952 book The Decisive Moment (Images à la sauvette).

Photograph of Alberto Giacometti by Cartier-Bresson
In 1952, Cartier-Bresson published his book Images à la sauvette, whose English-language edition was titled The Decisive Moment, although the French language title actually translates as ""images on the sly"" or ""hastily taken images"", Images à la sauvette included a portfolio of 126 of his photos from the East and the West. The book's cover was drawn by Henri Matisse. For his 4,500-word philosophical preface, Cartier-Bresson took his keynote text from the 17th century Cardinal de Retz, ""Il n'y a rien dans ce monde qui n'ait un moment decisif"" (""There is nothing in this world that does not have a decisive moment""). Cartier-Bresson applied this to his photographic style. He said: ""Photographier: c'est dans un même instant et en une fraction de seconde reconnaître un fait et l'organisation rigoureuse de formes perçues visuellement qui expriment et signifient ce fait"" (""To me, photography is the simultaneous recognition, in a fraction of a second, of the significance of an event as well as of a precise organization of forms which give that event its proper expression."").

Both titles came from Tériade, the Greek-born French publisher whom Cartier-Bresson admired. He gave the book its French title, Images à la Sauvette, loosely translated as ""images on the run"" or ""stolen images."" Dick Simon of Simon & Schuster came up with the English title The Decisive Moment. Margot Shore, Magnum's Paris bureau chief, translated Cartier-Bresson's French preface into English.

""Photography is not like painting,"" Cartier-Bresson told the Washington Post in 1957. ""There is a creative fraction of a second when you are taking a picture. Your eye must see a composition or an expression that life itself offers you, and you must know with intuition when to click the camera. That is the moment the photographer is creative,"" he said. ""Oop! The Moment! Once you miss it, it is gone forever.""

The photo Rue Mouffetard, Paris, taken in 1954, has since become a classic example of Cartier-Bresson's ability to capture a decisive moment. He held his first exhibition in France at the Pavillon de Marsan in 1955.",What is Henri-Cartier Bresson known for?,
summarization,"Australia Pacific Airports Corporation Limited (APAC) is an unlisted company and owner of two Australian airports: Melbourne Airport and Launceston Airport. Each airport is operated by an airport lessee company, in which APAC has a controlling interest: Australia Pacific Airports (Melbourne) Pty Ltd and Australia Pacific Airports (Launceston) Pty Ltd respectively.",Please give me the list of airports that are owned by Australia Pacific Airports Corporation.,
classification,,"Tell me whether these are dogs or cats: bulldogs, poodles, huskies, collies, shepherds",
open_qa,,What are the three highest peaks in the UK?,
information_extraction,"An income tax amendment to the Constitution was first proposed by Senator Norris Brown of Nebraska. He submitted two proposals, Senate Resolutions Nos. 25 and 39. The amendment proposal finally accepted was Senate Joint Resolution No. 40, introduced by Senator Nelson W. Aldrich of Rhode Island, the Senate majority leader and Finance Committee Chairman. The amendment was proposed as part of the congressional debate over the 1909 Payne–Aldrich Tariff Act; by proposing the amendment, Aldrich hoped to temporarily defuse progressive calls for the imposition of new taxes in the tariff act. Aldrich and other conservative leaders in Congress largely opposed the actual ratification of the amendment, but they believed that it had little chance of being ratified, as ratification required approval by three quarters of the state legislatures.

On July 12, 1909, the resolution proposing the Sixteenth Amendment was passed by the Congress and was submitted to the state legislatures. Support for the income tax was strongest in the western and southern states, while opposition was strongest in the northeastern states. Supporters of the income tax believed that it would be a much better method of gathering revenue than tariffs, which were the primary source of revenue at the time. From well before 1894, Democrats, Progressives, Populists and other left-oriented parties argued that tariffs disproportionately affected the poor, interfered with prices, were unpredictable, and were an intrinsically limited source of revenue. The South and the West tended to support income taxes because their residents were generally less prosperous, more agricultural and more sensitive to fluctuations in commodity prices. A sharp rise in the cost of living between 1897 and 1913 greatly increased support for the idea of income taxes, including in the urban Northeast. A growing number of Republicans also began supporting the idea, notably Theodore Roosevelt and the ""Insurgent"" Republicans (who would go on to form the Progressive Party). These Republicans were driven mainly by a fear of the increasingly large and sophisticated military forces of Japan, Britain and the European powers, their own imperial ambitions, and the perceived need to defend American merchant ships. Moreover, these progressive Republicans were convinced that central governments could play a positive role in national economies. A bigger government and a bigger military, they argued, required a correspondingly larger and steadier source of revenue to support it.

Opposition to the Sixteenth Amendment was led by establishment Republicans because of their close ties to wealthy industrialists, although not even they were uniformly opposed to the general idea of a permanent income tax. In 1910, New York Governor Charles Evans Hughes, shortly before becoming a Supreme Court Justice, spoke out against the income tax amendment. Hughes supported the idea of a federal income tax, but believed the words ""from whatever source derived"" in the proposed amendment implied that the federal government would have the power to tax state and municipal bonds. He believed this would excessively centralize governmental power and ""would make it impossible for the state to keep any property"".

Between 1909 and 1913, several conditions favored passage of the Sixteenth Amendment. Inflation was high and many blamed federal tariffs for the rising prices. The Republican Party was divided and weakened by the loss of Roosevelt and the Insurgents who joined the Progressive Party, a problem that blunted opposition even in the Northeast. In 1912, the Democrats won the presidency and control of both houses of Congress. The country was generally in a left-leaning mood, with a member of the Socialist Party winning a seat in the U.S. House in 1910 and the party's presidential candidate polling six percent of the popular vote in 1912.

Three advocates for a federal income tax ran in the presidential election of 1912. On February 25, 1913, Secretary of State Philander Knox proclaimed that the amendment had been ratified by three-fourths of the states and so had become part of the Constitution. The Revenue Act of 1913, which greatly lowered tariffs and implemented a federal income tax, was enacted shortly after the Sixteenth Amendment was ratified.","Based on the following passage, give 3 reasons why the Sixteenth Amendment was passed and ratified.",
open_qa,,What is the difference between mozzarella and cheddar?,
information_extraction,"In 1871, at the age of eight, Narendranath enrolled at Ishwar Chandra Vidyasagar's Metropolitan Institution, where he went to school until his family moved to Raipur in 1877. In 1879, after his family's return to Calcutta, he was the only student to receive first-division marks in the Presidency College entrance examination.  He was an avid reader in a wide range of subjects, including philosophy, religion, history, social science, art and literature. He was also interested in Hindu scriptures, including the Vedas, the Upanishads, the Bhagavad Gita, the Ramayana, the Mahabharata and the Puranas. Narendra was trained in Indian classical music, and regularly participated in physical exercise, sports and organised activities. Narendra studied Western logic, Western philosophy and European history at the General Assembly's Institution (now known as the Scottish Church College). In 1881, he passed the Fine Arts examination, and completed a Bachelor of Arts degree in 1884. Narendra studied the works of David Hume, Immanuel Kant, Johann Gottlieb Fichte, Baruch Spinoza, Georg W. F. Hegel, Arthur Schopenhauer, Auguste Comte, John Stuart Mill and Charles Darwin. He became fascinated with the evolutionism of Herbert Spencer and corresponded with him, translating Herbert Spencer's book Education (1861) into Bengali. While studying Western philosophers, he also learned Sanskrit scriptures and Bengali literature.",As per the passage whose works did Narendranath study?,
closed_qa,"The OA class is a solitary steam locomotive built by the Baldwin Locomotive Works for the Wellington and Manawatu Railway (WMR) in New Zealand. Ordered in 1894, it entered service in August of that year as No. 13 and was the first narrow gauge Vauclain compound in the world. In 1908, the WMR and its locomotive fleet were purchased by New Zealand Railways Department (NZR) and incorporated into the national rail network, and, although No. 13 bore a likeness to members of the O class, it was sufficiently different that it warranted separate classification. The designation of OA was created and it was numbered OA 457. It operated for another two decades until it was withdrawn in December 1929 in Auckland. The locomotive was known to WMR staff as ""The Lady"".",What class of locomotive was the No. 13?,
general_qa,,Why do people watch the English Premier League more than any other soccer league in the world?,
open_qa,,How should I make a good pizza tonight?,
summarization,"Apollo 11 (July 16–24, 1969) was the American spaceflight that first landed humans on the Moon. Commander Neil Armstrong and lunar module pilot Buzz Aldrin landed the Apollo Lunar Module Eagle on July 20, 1969, at 20:17 UTC, and Armstrong became the first person to step onto the Moon's surface six hours and 39 minutes later, on July 21 at 02:56 UTC. Aldrin joined him 19 minutes later, and they spent about two and a quarter hours together exploring the site they had named Tranquility Base upon landing. Armstrong and Aldrin collected 47.5 pounds (21.5 kg) of lunar material to bring back to Earth as pilot Michael Collins flew the Command Module Columbia in lunar orbit, and were on the Moon's surface for 21 hours, 36 minutes before lifting off to rejoin Columbia.",What are the highlights of the Apollo 11 mission?,
general_qa,,"Which of these animals is not a bear: brown bear, black bear, polar bear, koala bear, panda bear.",
classification,,"Identify which instrument is string or percussion: Taiko, Vlier",
classification,,"Identify which instrument is string or woodwind: Gravikord, Heckelphone",
creative_writing,,What is the best way to put a toddler to sleep at night?,
summarization,"The Gulag was the government agency in charge of the Soviet network of forced labour camps which were set up by order of Vladimir Lenin, reaching its peak during Joseph Stalin's rule from the 1930s to the early 1950s. English-language speakers also use the word gulag in reference to each of the forced-labor camps that existed in the Soviet Union, including the camps that existed in the post-Lenin era. The full official name of the agency changed several times.

The Gulag is recognized as a major instrument of political repression in the Soviet Union. The camps housed a wide range of convicts, from petty criminals to political prisoners, a large number of whom were convicted by simplified procedures, such as NKVD troikas or other instruments of extrajudicial punishment. In 1918–1922, the agency was administered by the Cheka, followed by the GPU (1922–1923), the OGPU (1923–1934), later known as the NKVD (1934–1946), and the Ministry of Internal Affairs (MVD) in the final years. The Solovki prison camp, the first correctional labour camp which was constructed after the revolution, was opened in 1918 and legalized by a decree, ""On the creation of the forced-labor camps"", on April 15, 1919.",What were gulags and who lived in them?,
open_qa,,What recording artist has won the most Grammys?,
open_qa,,Is the manatee an endangered species?,
open_qa,,What is EFTPOS?,
summarization,"The 2022 Booker Prize was a literary award given for the best English novel of the year. It was announced on 17 October 2022, during a ceremony hosted by Sophie Duker at the Roundhouse in London. The longlist was announced on 26 July 2022. The shortlist was announced on 6 September. Leila Mottley, at 20, was the youngest longlisted writer to date, and Alan Garner, at 87, the oldest. The majority of the 13 titles were from independent publishers. The prize was awarded to Shehan Karunatilaka for his novel, The Seven Moons of Maali Almeida, receiving £50,000. He is the second Sri Lankan to win the prize, after Michael Ondaatje",Please write some key points on Booker prize from the given passage.,
classification,,Which is a species of fish? Hoki or Loki,
information_extraction,"In 1947, a tense diplomatic and military standoff began to unfold between the United States, the United Kingdom and the Soviet Union over the future of Germany. The Americans and Western European allies wanted to include the sectors of Germany which they controlled in the Marshall Plan, an economic plan to rebuild Europe after the devastation of the war. The Soviets perceived the Marshall Plan to be the foundation for an anti-Soviet alliance and pressured the Americans, British and French to back down. On 20 March 1948, the Soviet representative walked out of the meeting of the Allied Control Council, and on 31 March 1948, the United States Congress approved funding for the Marshall Plan. Soviet troops then began to block the corridor that brought supplies from the western zones of Germany to West Berlin. In response, an increased number of aircraft brought supplies by air from west Germany to Tempelhof airfield in the American sector and Gatow airfield in the British sector of Berlin. At the same time Soviet military aircraft began to violate airspace in West Berlin and harass (or what the military called ""buzz"") flights in and out of West Berlin. Despite the danger of flying in such conditions, civilian aircraft continued to fly in and out of Berlin.",Extract all the airports listed in this reference paragraph,
open_qa,,What are the words of House Graceford?,
classification,,"Which of these are helpful for starting a fire and which are better for putting out a fire: water, dirt, matches, dry newspaper, sticks, charcoal lighter fluid, and human pee.",
information_extraction,"She was part of the Puerto Rico women's national volleyball team at the 2014 FIVB Volleyball Women's World Championship in Italy. She participated at the 2016 Olympic Games in Rio de Janeiro.

Oquendo played for Leonas de Ponce in 2015 and Lancheras de Cataño for the 2016 Puerto Rican league season. When her club moved to Aibonito, she stayed with this club, then Polluelas de Aibonito.",Extract the names of the teams Alexandra Oquendo was a part of from the text. Separate them with a comma.,
general_qa,,What creates moon phases and how is it different from an eclipse?,
summarization,"Peloton Interactive, Inc. is an American exercise equipment and media company based in New York City. The company's products are stationary bicycles, treadmills, and indoor rowers equipped with Internet-connected touch screens that stream live and on-demand fitness classes through a subscription service. The equipment includes built-in sensors that track metrics such as power output, providing users with real-time feedback on their performance and leaderboard rankings to compete with other users.",Where is Peloton Interactive based?,
information_extraction,"The name Mumbai (Marathi: मुंबई, Gujarati: મુંબઈ, Hindi: मुंबई) derived from Mumbā or Mahā-Ambā—the name of the patron goddess (kuladevata) Mumbadevi of the native Koli community—and ā'ī meaning ""mother"" in the Marathi language, which is the mother tongue of the Koli people and the official language of Maharashtra. The Koli people originated in Kathiawar and Central Gujarat, and according to some sources they brought their goddess Mumba with them from Kathiawar (Gujarat), where she is still worshipped. However, other sources disagree that Mumbai's name was derived from the goddess Mumba.



The oldest known names for the city are Kakamuchee and Galajunkja; these are sometimes still used. In 1508, Portuguese writer Gaspar Correia used the name ""Bombaim"" in his Lendas da Índia (Legends of India). This name possibly originated as the Galician-Portuguese phrase bom baim, meaning ""good little bay"", and Bombaim is still commonly used in Portuguese. In 1516, Portuguese explorer Duarte Barbosa used the name Tana-Maiambu: Tana appears to refer to the adjoining town of Thane and Maiambu to Mumbadevi.

Other variations recorded in the 16th and the 17th centuries include: Mombayn (1525), Bombay (1538), Bombain (1552), Bombaym (1552), Monbaym (1554), Mombaim (1563), Mombaym (1644), Bambaye (1666), Bombaiim (1666), Bombeye (1676), Boon Bay (1690), and Bon Bahia. After the English gained possession of the city in the 17th century, the Portuguese name was anglicised as Bombay. Ali Muhammad Khan, imperial dewan or revenue minister of the Gujarat province, in the Mirat-i Ahmedi (1762) referred to the city as Manbai.

The French traveller Louis Rousselet, who visited in 1863 and 1868, states in his book L'Inde des Rajahs, which was first published in 1877: ""Etymologists have wrongly derived this name from the Portuguese Bôa Bahia, or (French: ""bonne bai"", English: ""good bay""), not knowing that the tutelar goddess of this island has been, from remote antiquity, Bomba, or Mumba Devi, and that she still ... possesses a temple"".

By the late 20th century, the city was referred to as Mumbai or Mambai in Marathi, Konkani, Gujarati, Kannada and Sindhi, and as Bambai in Hindi. The Government of India officially changed the English name to Mumbai in November 1995. This came at the insistence of the Marathi nationalist Shiv Sena party, which had just won the Maharashtra state elections, and mirrored similar name changes across the country and particularly in Maharashtra. According to Slate magazine, ""they argued that 'Bombay' was a corrupted English version of 'Mumbai' and an unwanted legacy of British colonial rule."" Slate also said ""The push to rename Bombay was part of a larger movement to strengthen Marathi identity in the Maharashtra region."" While Mumbai is still referred to as Bombay by some of its residents and by some Indians from other regions, mention of the city by a name other than Mumbai has been controversial.",What are some former names for the city of Mumbai?,
open_qa,,What is Acyl-CoA?,
classification,,"Identify which instrument is string or percussion: Rattle, Cak",
classification,,"Classify these objects based on their shape.
wheel, coin, CD, stamp, chess board",
closed_qa,"Some Eucalyptus species have attracted attention from horticulturists, global development researchers, and environmentalists because of desirable traits such as being fast-growing sources of wood, producing oil that can be used for cleaning and as a natural insecticide, or an ability to be used to drain swamps and thereby reduce the risk of malaria. Eucalyptus oil finds many uses like in fuels, fragrances, insect repellence and antimicrobial activity. Eucalyptus trees show allelopathic effects; they release compounds which inhibit other plant species from growing nearby. Outside their natural ranges, eucalypts are both lauded for their beneficial economic impact on poor populations: 22  and criticised for being ""water-guzzling"" aliens, leading to controversy over their total impact.",Why do eucalyptus trees have such an excellent aroma?  Is there any other uses for Eucalyptus?,
general_qa,,What is the meaning of life?,
open_qa,,Who is the greatest ever soccer player?,
open_qa,,Who is the prime minister of India?,
closed_qa,"Audiology (from Latin audīre, ""to hear""; and from Greek -λογία, -logia) is a branch of science that studies hearing, balance, and related disorders. Audiologists treat those with hearing loss and proactively prevent related damage. By employing various testing strategies (e.g. behavioral hearing tests, otoacoustic emission measurements, and electrophysiologic tests), audiologists aim to determine whether someone has normal sensitivity to sounds. If hearing loss is identified, audiologists determine which portions of hearing (high, middle, or low frequencies) are affected, to what degree (severity of loss), and where the lesion causing the hearing loss is found (outer ear, middle ear, inner ear, auditory nerve and/or central nervous system). If an audiologist determines that a hearing loss or vestibular abnormality is present, they will provide recommendations for interventions or rehabilitation (e.g. hearing aids, cochlear implants, appropriate medical referrals).","In a concise bulleted list, tell me what audiologists do when they are seeing a patient",
open_qa,,What is the best selling book in history?,
information_extraction,"According to preliminary data from the US Energy Information Administration, renewable energy accounted for about 12.6% of total primary energy consumption and about 19.8% of the domestically produced electricity in the United States in 2020.",How much renewable energy is produced and consumed in the United States?,
classification,,"Identify which instrument is string or percussion: Makuta, Tricordia",
brainstorming,,What are the most expensive cities in the world ?,
summarization,"The University of Liverpool (abbreviated UOL) is a public research university based in the city of Liverpool, England. Founded as a college in 1881, it gained its Royal Charter in 1903 with the ability to award degrees, and is also known to be one of the six 'red brick' civic universities, the first to be referred to as The Original Red Brick. It comprises three faculties organised into 35 departments and schools. It is a founding member of the Russell Group, the N8 Group for research collaboration and the university management school is triple crown accredited.",Jot down some points about University of Liverpool from given text,
brainstorming,,What should I do this spring in San Francisco?,
brainstorming,,Make me a bullet list of things to bring camping,
closed_qa,"Especially among growers in the US, the UK, and Australia, there has been a competition since the 1990s to grow the hottest chili pepper. Chili pepper species and cultivars registering over 1,000,000 Scoville Heat units (SHU) are called ""super-hots"". Past Guinness World Record holders (in increasing order of hotness) include the ghost pepper, Infinity chili, Trinidad Moruga scorpion, Naga Viper pepper, and Trinidad Scorpion Butch T. The current record holder, declared in 2017, is the Carolina Reaper, at more than 1.6 million SHU.","Given the information provided about hottest chili pepper, which is the hottest naturally grown chili pepper in the world?",
classification,,"Classify each of the following as a novel or poem: ""A Silvia"", ""L'Infinito"" , ""I Promessi Sposi""",
brainstorming,,What are the best beach family vacation spots on the east coast?,
closed_qa,"The International Olympic Committee agreed in 1907 that the distance for the 1908 London Olympic marathon would be about 25 miles or 40 kilometers. The organizers decided on a course of 26 miles from the start at Windsor Castle to the royal entrance to the White City Stadium, followed by a lap (586 yards 2 feet; 536 m) of the track, finishing in front of the Royal Box. The course was later altered to use a different entrance to the stadium, followed by a partial lap of 385 yards to the same finish.

The modern 42.195 km (26.219 mi) standard distance for the marathon was set by the International Amateur Athletic Federation (IAAF) in May 1921 directly from the length used at the 1908 Summer Olympics in London.","Given the reference text about the history of the Olympic marathon distance, tell me what was the distance of the Olympic marathon during the 1924 Olympics in Paris in kilometers?",
summarization,"Sir Lewis Carl Davidson Hamilton (born 7 January 1985) is a British racing driver currently competing in Formula One, driving for the Mercedes-AMG Petronas Formula One Team. In Formula One, Hamilton has won a joint-record seven World Drivers' Championship titles (tied with Michael Schumacher), and holds the records for the most wins (103), pole positions (103), and podium finishes (192), among others",Who is Lewis Hamilton of Formula 1?,
brainstorming,,Give me a bulleted list of the seven most team with the most english premier league title,
general_qa,,What flavors of girl scout cookies are available?,
information_extraction,"On October 1, 2008, the band announced on their website that they had officially reunited, and would play their first shows in five years in March 2009 at the Hampton Coliseum in Hampton, Virginia. The three reunion concerts were held on March 6, 7, and 8, 2009, with ""Fluffhead"" being the first song the band played onstage at the first show. Approximately 14,000 people attended the concerts over the course of three days, and the band made the shows available for free download on their LivePhish website for a limited time, in order to accommodate fans who were unable to attend. When the band decided to reunite, the members agreed to limit their touring schedule, and they have typically performed about 50 concerts a year since. Following the reunion weekend, Phish embarked on a summer tour which began in May with a concert at Fenway Park in Boston. The Fenway show was followed by a 25-date tour which included performances at the 2009 edition of the Bonnaroo Music Festival in Tennessee and a four date stand at Red Rocks Amphitheatre in Colorado. At Bonnaroo, Phish was joined by Bruce Springsteen on guitar for three songs. Phish's fourteenth studio album, Joy, produced by Steve Lillywhite, was released September 8, 2009. In October, the band held Festival 8, their first multi-day festival event since Coventry in 2004, at the Empire Polo Club in Indio, California. In March 2010, Anastasio inducted Genesis, one of his favorite bands, into the Rock and Roll Hall of Fame at the museum's annual ceremony in New York City. In addition to Anastasio's speech, Phish performed the Genesis songs ""Watcher of the Skies"" and ""No Reply at All"" at the event. Phish toured in the summer and fall of 2010, and their concerts at Alpine Valley Music Theatre in East Troy, Wisconsin and the Utica Memorial Auditorium in Utica, New York were issued as CD/DVD sets in 2010 and 2011 respectively.",Extract the venues of each Phish concert referenced in this paragraph and list in bulleted format.,
closed_qa,"Marketing Automation is a subset of customer relationship management (CRM) or customer experience management (CXM) that focuses on the definition, segmentation, scheduling and tracking of marketing campaigns. The use of marketing automation makes processes that would otherwise have been performed manually much more efficient and makes new processes possible. Marketing Automation can be defined as a process where technology is used to automate several repetitive tasks that are undertaken on a regular basis in a marketing campaign.

Marketing Automation platforms allow marketers to automate and simplify client communication by managing complex omnichannel marketing strategies from a single tool. Marketing Automation assists greatly in areas like Lead Generation, Segmentation, Lead nurturing and lead scoring, Relationship marketing, Cross-sell and upsell, Retention, Marketing ROI measurement. Effective marketing automation tools leverage data from a separate or integrated CRM to understand customer impact and preferences.",What is Marketing Automation?,
brainstorming,,Give me a list of data structures with O(1) access time,
information_extraction,In what country have many of the most important hominid fossils been found?,"Many important hominid fossils have been found in Tanzania, such as 6-million-year-old Pliocene hominid fossils. The genus Australopithecus ranged across Africa between 4 and 2 million years ago, and the oldest remains of the genus Homo are found near Lake Olduvai. Following the rise of Homo erectus 1.8 million years ago, humanity spread all over the Old World, and later in the New World and Australia under the species Homo sapiens. H. sapiens also overtook Africa and absorbed the older species of humanity. Later in the Stone and Bronze Age, prehistoric migrations into Tanzania included Southern Cushitic speakers who moved south from present-day Ethiopia; Eastern Cushitic people who moved into Tanzania from north of Lake Turkana about 2,000 and 4,000 years ago; and the Southern Nilotes, including the Datoog, who originated from the present-day South Sudan–Ethiopia border region between 2,900 and 2,400 years ago.: page 18  These movements took place at about the same time as the settlement of the Mashariki Bantu from West Africa in the Lake Victoria and Lake Tanganyika areas. They subsequently migrated across the rest of Tanzania between 2,300 and 1,700 years ago.",
classification,,"Classify each of the following as a ""fiat money"" or ""cryptocurrency"": Bitcoin, US Dollar, British Pound, Ethereum, Dogecoin, Euro",
classification,,"Classify each of the following European countries as either members of the European Union or non-members of the European Union: Spain, Albania, the United Kingdom, Ireland, Romania, Germany.",
closed_qa,"Telangana (/ˌtɛlənˈɡɑːnə/ (listen); Telugu: [ˈtelaŋɡaːɳa], Urdu: [ˈtɪləŋɡɑːna] (listen)) is a state in India situated on the south-central stretch of the Indian peninsula on the high Deccan Plateau. It is the eleventh-largest state and the twelfth-most populated state in India with a geographical area of 112,077 km2 (43,273 sq mi) and 35,193,978 residents as per 2011 census. On 2 June 2014, the area was separated from the northwestern part of Andhra Pradesh as the newly formed state of Telangana, with Hyderabad as its capital. Its other major cities include Warangal, Nizamabad, Khammam, Karimnagar and Ramagundam. Telangana is bordered by the states of Maharashtra to the north, Chhattisgarh to the northeast, Karnataka to the west, and Andhra Pradesh to the east and south. The terrain of Telangana consists mostly of the Deccan Plateau with dense forests covering an area of 27,292 km2 (10,538 sq mi). As of 2019, the state of Telangana is divided into 33 districts.",When was Telangana created?,
summarization,"The division of labour is the separation of the tasks in any economic system or organization so that participants may specialize (specialization). Individuals, organizations, and nations are endowed with or acquire specialized capabilities, and either form combinations or trade to take advantage of the capabilities of others in addition to their own. Specialized capabilities may include equipment or natural resources as well as skills. Training and combinations of equipment and other assets acting together are often important. For example, an individual may specialize by acquiring tools and the skills to use them effectively just as an organization may specialize by acquiring specialized equipment and hiring or training skilled operators. The division of labour is the motive for trade and the source of economic interdependence.

Historically, an increasing division of labour is associated with the growth of total output and trade, the rise of capitalism, and the increasing complexity of industrialized processes. The concept and implementation of division of labour has been observed in ancient Sumerian (Mesopotamian) culture, where assignment of jobs in some cities coincided with an increase in trade and economic interdependence. Division of labour generally also increases both producer and individual worker productivity.

After the Neolithic Revolution, pastoralism and agriculture led to more reliable and abundant food supplies, which increased the population and led to specialization of labour, including new classes of artisans, warriors, and the development of elites. This specialization was furthered by the process of industrialization, and Industrial Revolution-era factories. Accordingly, many classical economists as well as some mechanical engineers, such as Charles Babbage, were proponents of division of labour. Also, having workers perform single or limited tasks eliminated the long training period required to train craftsmen, who were replaced with less-paid but more productive unskilled workers.",What are the benefits of division of labour?,
open_qa,,What is Active Directory?,
information_extraction,"Einstein was born in the German Empire, but moved to Switzerland in 1895, forsaking his German citizenship (as a subject of the Kingdom of Württemberg)[note 1] the following year. In 1897, at the age of 17, he enrolled in the mathematics and physics teaching diploma program at the Swiss Federal polytechnic school in Zürich, graduating in 1900. In 1901, he acquired Swiss citizenship, which he kept for the rest of his life, and in 1903 he secured a permanent position at the Swiss Patent Office in Bern. In 1905, he was awarded a PhD by the University of Zurich. In 1914, Einstein moved to Berlin in order to join the Prussian Academy of Sciences and the Humboldt University of Berlin. In 1917, Einstein became director of the Kaiser Wilhelm Institute for Physics; he also became a German citizen again, this time Prussian.

In 1933, while Einstein was visiting the United States, Adolf Hitler came to power in Germany. Einstein, as a Jew, objected to the policies of the newly elected Nazi government; he settled in the United States and became an American citizen in 1940. On the eve of World War II, he endorsed a letter to President Franklin D. Roosevelt alerting him to the potential German nuclear weapons program and recommending that the US begin similar research. Einstein supported the Allies but generally denounced the idea of nuclear weapons.",Extract the key dates and events in the life of Albert Einstein in a bulleted list in the format {date} - {event},
open_qa,,What is Python?,
closed_qa,"The Antikythera mechanism (/ˌæntɪkɪˈθɪərə/ AN-tih-kih-THEER-ə) is an Ancient Greek hand-powered orrery, described as the oldest known example of an analogue computer used to predict astronomical positions and eclipses decades in advance. It could also be used to track the four-year cycle of athletic games which was similar to an Olympiad, the cycle of the ancient Olympic Games.",What is the first computer recognized in human history?,
general_qa,,How much of the territory of Costa Rica is protected land?,
summarization,"Blissus insularis, the southern chinch bug, is a species of true bug in the family Blissidae. It is found in North America and Oceania.",What kind of species is the Blissus insularis,
summarization,"Morocco is officially divided into 12 regions, which, in turn, are subdivided into 62 provinces and 13 prefectures.",What are the administrative divisions in Morocco ?,
general_qa,,Why do many people spend so much time on their smartphone everyday?,
brainstorming,,Why Bangalore is so popular,
classification,,"Classify each of the following as a flower or a tree: rose, tulip, oak, spruce, pine, orchid",
creative_writing,,Why do I have a belly button?,
brainstorming,,15 days Europe plan,
classification,,"Classify the following beverages that are typically served as either carbonated or non-carbonated: milk, soda, orange juice, beer, lemonade, coffee, sports drinks",
summarization,"Norway, officially the Kingdom of Norway, is a Nordic country in Northern Europe, the mainland territory of which comprises the western and northernmost portion of the Scandinavian Peninsula. The remote Arctic island of Jan Mayen and the archipelago of Svalbard also form part of Norway.[note 5] Bouvet Island, located in the Subantarctic, is a dependency of Norway; it also lays claims to the Antarctic territories of Peter I Island and Queen Maud Land. The capital and largest city in Norway is Oslo.

Norway has a total area of 385,207 square kilometres (148,729 sq mi) and had a population of 5,488,984 in January 2023. The country shares a long eastern border with Sweden at a length of 1,619 km (1,006 mi). It is bordered by Finland and Russia to the northeast and the Skagerrak strait to the south, on the other side of which are Denmark and the United Kingdom. Norway has an extensive coastline, facing the North Atlantic Ocean and the Barents Sea. The maritime influence dominates Norway's climate, with mild lowland temperatures on the sea coasts; the interior, while colder, is also significantly milder than areas elsewhere in the world on such northerly latitudes. Even during polar night in the north, temperatures above freezing are commonplace on the coastline. The maritime influence brings high rainfall and snowfall to some areas of the country.

Harald V of the House of Glücksburg is the current King of Norway. Jonas Gahr Støre has been prime minister since 2021, replacing Erna Solberg. As a unitary sovereign state with a constitutional monarchy, Norway divides state power between the parliament, the cabinet and the supreme court, as determined by the 1814 constitution. The kingdom was established in 872 as a merger of many petty kingdoms and has existed continuously for 1,151 years. From 1537 to 1814, Norway was a part of the Kingdom of Denmark–Norway, and, from 1814 to 1905, it was in a personal union with the Kingdom of Sweden. Norway was neutral during the First World War, and also in World War II until April 1940 when the country was invaded and occupied by Nazi Germany until the end of the war.

Norway has both administrative and political subdivisions on two levels: counties and municipalities. The Sámi people have a certain amount of self-determination and influence over traditional territories through the Sámi Parliament and the Finnmark Act. Norway maintains close ties with both the European Union and the United States. Norway is also a founding member of the United Nations, NATO, the European Free Trade Association, the Council of Europe, the Antarctic Treaty, and the Nordic Council; a member of the European Economic Area, the WTO, and the OECD; and a part of the Schengen Area. In addition, the Norwegian languages share mutual intelligibility with Danish and Swedish.

Norway maintains the Nordic welfare model with universal health care and a comprehensive social security system, and its values are rooted in egalitarian ideals. The Norwegian state has large ownership positions in key industrial sectors, having extensive reserves of petroleum, natural gas, minerals, lumber, seafood, and fresh water. The petroleum industry accounts for around a quarter of the country's gross domestic product (GDP). On a per-capita basis, Norway is the world's largest producer of oil and natural gas outside of the Middle East.

The country has the fourth-highest per-capita income in the world on the World Bank and IMF lists.It has the world's largest sovereign wealth fund, with a value of US$1 trillion. Although the majority of Norway's population is ethnic Norwegian, in the 21st century immigration has accounted for more than half of population growth; in 2021, the five largest minority groups in the country were the descendants of Polish, Lithuanian, Somali, Pakistani, and Swedish immigrants.",Please give me a short bulleted list of the most important facts about the country Norway,
open_qa,,What are common ways to invest money?,
closed_qa,"Ian Manson Kemp (26 June 1931 – 16 September 2011) was a musicologist and academic.

Biography
Born in Edinburgh on 26 June 1931, Kemp was the son of Roland Kemp, a radio engineer. He attended King Edward VI Grammar School in Chelmsford and Felsted School, before completed National Service in Germany. In 1951, he began undergraduate studies at St John's College, Cambridge under Patrick Hadley and Robin Orr. On graduating in 1954, he began working for Schott & Co., the music publisher. In 1959, he was appointed an assistant lecturer at the University of Aberdeen; he briefly returned to Schott's (1962–64) as head of promotion, but then went back to Aberdeen, this time to take up a senior lectureship. He was elected a fellow of St John's College, Cambridge, in 1971, remaining there until his appointment to the West Riding Chair of Music at the University of Leeds in 1977. He moved to the University of Manchester in 1981 to be Professor of Music, and remained there until retirement in 1991.

Kemp's time at Schott's brought him into contact with distinguished composers, including Michael Tippett, Alexander Goehr, Peter Maxwell Davies and Harrison Birtwistle. He became an expert on Tippett's music, and at Aberdeen he edited Michael Tippett: A Symposium on his 60th Birthday in 1965. His time at Manchester, which The Guardian considers the ""culmination"" of his career, saw him write a biography of Tippett in 1984, which The Times considered ""masterly"". He was also a specialist in Paul Hindemith, surveying his work in 1970, and Hector Berlioz, editing the Cambridge Opera Handbook on Berlioz's Les Troyens in 1989.

In his retirement, he lived in North London and then Sussex, but health problems slowed down his scholarly output. He died on 16 September 2011, leaving a widow, the conductor Sian Edwards, and their son, and five children from his first marriage to Gill Turner.",How many years were Ian Kemps masterly culmination of his career at Manchester?,
classification,,Which is a species of fish? Bleak or Weary,
summarization,"Richa Soni is an Indian television actress. She made her debut in Shararat. She is known for her role of Bindiya in the ColorTV's daily soap Bhagyavidhaata . She has also appeared in shows like, Nachle Ve With Saroj Khan - Season 2, Badalte Rishton Ki Dastaan, Jaat Ki Jugni and Siya Ke Ram. She has also done short films like The Silent Statue (showcased in Cannes Film Festival and she also won the Award for ""Best Actress in the Short Films Category"" in the 2nd Jharkhand International Film Festival 2019. The web series Seasoned with Love premiered on Hungama Play on 16 April 2019.",Tell me about the Film carreer in points of actress Richa Soni,
information_extraction,"The Story of June is a Cantopop album by Edmond Leung.

Track listing:
Love Blind (戀愛盲)
Elevator Men (電梯男)
Hey June
Driven To Distraction (失魂落魄)
Daydream (白日夢)
Romantic (羅曼蒂克)
Y3
Get Away with Miriam Yeung (滾)
The Aftermath (戰後餘生)
The Long Journey (路漫漫)",What are the names of the first three songs from Edmond Leung's The Story of June?,
closed_qa,"After winning the 2021 Abu Dhabi Grand Prix, Verstappen became the first Dutch driver to win the Formula One World Championship, and the 34th Formula One World Drivers' Champion. He won his second consecutive Formula One championship the next season.",How many world championships has Max Verstappen won?,
creative_writing,,Write a creative ending scene for a thriller movie,
summarization,"United States attorneys are officials of the U.S. Department of Justice who serve as the chief federal law enforcement officers in each of the 94 U.S. federal judicial districts. Each U.S. attorney serves as the United States' chief federal criminal prosecutor in their judicial district and represents the U.S. federal government in civil litigation in federal and state court within their geographic jurisdiction. U.S. attorneys must be nominated by the President and confirmed by the Senate, after which they serve four-year terms.",Provide me some details about United States attorneys with the given text as a reference.,
information_extraction,"Cage made his acting debut in the 1981 television pilot The Best of Times, which was never picked up by ABC. His film debut followed in 1982, with a minor role as an unnamed co-worker of Judge Reinhold's character in the coming-of-age film Fast Times at Ridgemont High, having originally auditioned for Reinhold's part. His experience on the film was marred by cast members endlessly quoting his uncle's films, which inspired him to change his name. Cage's first starring role came opposite Deborah Foreman in the romantic comedy Valley Girl (1983), in which he played a punk who falls in love with the titular valley girl, a plot loosely inspired by Romeo and Juliet. The film was a modest box office success and has been branded a cult classic. He auditioned for the role of Dallas Winston in his uncle's film The Outsiders, based on S.E. Hinton's novel, but lost to Matt Dillon. Cage, however, would co-star in Coppola's adaptation of another Hinton novel, Rumble Fish, in that year.

In 1984, Cage appeared in three period films, none of which fared well at the box office. In the drama, Racing with the Moon (1984), Cage featured opposite Sean Penn as friends who are awaiting deployment to the U.S. Marine Corps. Coppola's crime drama The Cotton Club saw him play a fictionalized version of mob hitman Vincent ""Mad Dog"" Coll, earning praise from critic Paul Attanasio for ""artully  his few moments to sketch a brawny, violent thug"". His final release of the year was Alan Parker's drama Birdy, in which he starred with Matthew Modine as two close friends and their trauma inflicted by serving in the Vietnam War. Cage lost weight for the role and had two of his front teeth pulled out to appear disfigured. Despite massively underperforming at the box office, the film, and Cage and Modine's performances, received positive reviews, with The New York Times critic Janet Maslin writing, ""Mr. Cage very sympathetically captures Al's urgency and frustration. Together, these actors work miracles with what might have been unplayable.""

In 1986, Cage starred in the little-seen Canadian sports drama The Boy in Blue and his uncle's fantasy comedy Peggy Sue Got Married (1987) as the husband to Kathleen Turner's character, who has travelled back in time to their high school days. He then starred in the Coen brothers' crime comedy Raising Arizona (1987) as a dim-witted ex-con. Cage's biggest breakthrough came in 1987 with the romantic comedy Moonstruck, in which he starred alongside Cher as a hot-tempered baker who falls in love with his estranged brother's widowed fiancé. The film was a hit with critics and audiences alike, earning Cage a Golden Globe nomination for Best Actor – Motion Picture Musical or Comedy  In his retrospective review, Roger Ebert wrote that he felt Cage's performance was worthy of an Oscar.",Extract the name of the comedy films that Cage performed in. Separate them with a comma.,
creative_writing,,Write a compelling short story,
brainstorming,,Provide a bulleted list of things to think about when buying a house,
open_qa,,What are some examples of a woodwind instrument?,
brainstorming,,List the British prime ministers since world war 2,
closed_qa,"Robert Kelly Slater (born February 11, 1972) is an American professional surfer, best known for being crowned World Surf League champion a record 11 times. Slater is widely regarded as the greatest professional surfer of all time, and holds 56 Championship Tour victories. Slater is also the oldest surfer still active on the World Surf League, winning his 8th Billabong Pipeline Masters title at age 49.",Who is the best surfer in the world,
open_qa,,What is the largest spider?,
classification,,Is three body problem solved?,
classification,,"which of the following cities are in Texas: Austin ,Fort Worth, San Diego, Houston, Plano, San Jose, Chicago.",
open_qa,,How do I make Aioli?,
general_qa,,the first person was on the moon?,
classification,,"Tell me which following countries are in Asia: United States, Canada, Britain, France, Australia, Korea, China, Egypt, Israel, Japan, Brazil",
creative_writing,,Write a short message to send to your doctor to ask if you need to make a separate appointment for each of your vaccines for an upcoming vacation to South Africa. The doctor is named Dr. Gupta,
classification,,"I bought two bottles of 2L coca-cola when they were on special, but when I checked my receipt, I was charged the full price! Please contact me on 0410787999 or iratecustomer@hotmail.com to discuss a refund!",
information_extraction,"Mount Shakspere is a 12,174-foot-elevation (3,711 meter) summit located in Fresno County, California, United States.

Description
The mountain is set four miles west of the crest of the Sierra Nevada mountain range, in the Palisades area of Kings Canyon National Park. It is situated 4.5 miles (7.2 km) southwest of Middle Palisade, 3.5 miles (5.6 km) southeast of Giraud Peak, and one mile north-northwest of line parent Observation Peak. Mt. Shakspere ranks as the 384th-highest summit in California, and topographic relief is significant as the summit rises over 3,500 feet (1,100 meters) above Palisade Creek in approximately one mile (1.6 km). The first ascent of the summit was made July 20, 1930, by Francis P. Farquhar, Mary Lou Michaels, Doris Drust, Lorna Kilgariff, and Robert L. Lipman. This mountain's name has been officially adopted by the United States Board on Geographic Names.",How tall is Mt. Shakspere?,
closed_qa,"Bully (alternatively titled Bully: The Musical) is a 2017 musical featurette written and directed by Aaron Alon and produced by Thunderclap Productions. Bully is a dramatic musical about Sam Bradley, a young man who kills himself after being repeatedly bullied in school because others suspect he is gay. The story follows Sam in the days leading up to his death and the lives of those around him in the days following his suicide.

Bully premiered in the United States on September 24, 2017, at Alamo Drafthouse – Mason Park in Houston, Texas. The film had its film festival premiere in the 2018 Rainier Independent Film Festival in Ashford, Washington, on May 20, 2018.","Given a reference text about Bully, tell me when it premiered and what it was about.",
information_extraction,"The concept of the electric field was introduced by Michael Faraday. An electric field is created by a charged body in the space that surrounds it, and results in a force exerted on any other charges placed within the field. The electric field acts between two charges in a similar manner to the way that the gravitational field acts between two masses, and like it, extends towards infinity and shows an inverse square relationship with distance. However, there is an important difference. Gravity always acts in attraction, drawing two masses together, while the electric field can result in either attraction or repulsion. Since large bodies such as planets generally carry no net charge, the electric field at a distance is usually zero. Thus gravity is the dominant force at distance in the universe, despite being much weaker.
An electric field generally varies in space and its strength at any one point is defined as the force (per unit charge) that would be felt by a stationary, negligible charge if placed at that point. The conceptual charge, termed a 'test charge', must be vanishingly small to prevent its own electric field disturbing the main field and must also be stationary to prevent the effect of magnetic fields. As the electric field is defined in terms of force, and force is a vector, having both magnitude and direction, so it follows that an electric field is a vector field.
The study of electric fields created by stationary charges is called electrostatics. The field may be visualised by a set of imaginary lines whose direction at any point is the same as that of the field. This concept was introduced by Faraday, whose term 'lines of force' still sometimes sees use. The field lines are the paths that a point positive charge would seek to make as it was forced to move within the field; they are however an imaginary concept with no physical existence, and the field permeates all the intervening space between the lines. Field lines emanating from stationary charges have several key properties: first, that they originate at positive charges and terminate at negative charges; second, that they must enter any good conductor at right angles, and third, that they may never cross nor close in on themselves.",What is electrostatics the study of?,
general_qa,,What kind of cars are good for families with 3 small children?,
classification,,"Which of these are characters in Ted Lasso: Rebecca Welton, Olivia Benson, Jamie Tartt",
open_qa,,What is photosynthesis?,
information_extraction,"John Wycliffe questioned the privileged status of the clergy which had bolstered their powerful role in England and the luxury and pomp of local parishes and their ceremonies. He was accordingly characterised as the ""evening star"" of scholasticism and as the morning star or stella matutina of the English Reformation. In 1374, Catherine of Siena began travelling with her followers throughout northern and central Italy advocating reform of the clergy and advising people that repentance and renewal could be done through ""the total love for God."" She carried on a long correspondence with Pope Gregory XI, asking him to reform the clergy and the administration of the Papal States. The oldest Protestant churches, such as the Moravian Church, date their origins to Jan Hus (John Huss) in the early 15th century. As it was led by a Bohemian noble majority, and recognised, for some time, by the Basel Compacts, the Hussite Reformation was Europe's first ""Magisterial Reformation"" because the ruling magistrates supported it, unlike the ""Radical Reformation"", which the state did not support.",List the names of the people mentioned in the text provided.,
summarization,"In economics, the Gini coefficient, also known as the Gini index or Gini ratio, is a measure of statistical dispersion intended to represent the income inequality or the wealth inequality or the consumption inequality within a nation or a social group. It was developed by statistician and sociologist Corrado Gini.
The Gini coefficient measures the inequality among values of a frequency distribution, such as levels of income. A Gini coefficient of 0 reflects perfect equality, where all income or wealth values are the same, while a Gini coefficient of 1 (or 100%) reflects maximal inequality among values. For example, if everyone has the same income, the Gini coefficient will be 0. In contrast, a Gini coefficient of 1 indicates that within a group of people, a single individual has all the income or consumption, while all others have none.
The Gini coefficient was proposed by Corrado Gini as a measure of inequality of income or wealth.  For OECD countries, in the late 20th century, considering the effect of taxes and transfer payments, the income Gini coefficient ranged between 0.24 and 0.49, with Slovenia being the lowest and Mexico the highest. African countries had the highest pre-tax Gini coefficients in 2008–2009, with South Africa having the world's highest, estimated to be 0.63 to 0.7, although this figure drops to 0.52 after social assistance is taken into account, and drops again to 0.47 after taxation. The global income Gini coefficient in 2005 has been estimated to be between 0.61 and 0.68 by various sources.",What does the Gini coefficient measure?,
information_extraction,"Dredging is the excavation of material from a water environment. Possible reasons for dredging include improving existing water features; reshaping land and water features to alter drainage, navigability, and commercial use; constructing dams, dikes, and other controls for streams and shorelines; and recovering valuable mineral deposits or marine life having commercial value. In all but a few situations the excavation is undertaken by a specialist floating plant, known as a dredger.

Dredging is carried out in many different locations and for many different purposes, but the main objectives are usually to recover material of value or use, or to create a greater depth of water. Dredges have been classified as suction or mechanical. Dredging systems can either be shore-based, brought to a location based on barges, or built into purpose built vessels.

Dredging has significant environmental impacts: it can disturb marine sediments, leading to both short- and long-term water pollution, destroy important seabed ecosystems, and can release legacy human-sourced toxins captured in the sediment. These environmental impacts can significantly hurt marine wildlife populations, contaminate sources of drinking water and interrupt economic activities such as fishing.","From this text, find out the pros and cons of dredging",
classification,,"Which of the following is not a Hemsworth brother? Chris, Liam, Reginald, Bobert, Robert, Luke",
creative_writing,,"If you were a waiter and had a rude customer, what would you do?",
general_qa,,Why many people do not like pigeons?,
brainstorming,,How can you open a can without using your hands?,
summarization,"In the Oracle RDBMS environment, redo logs comprise files in a proprietary format which log a history of all changes made to the database. Each redo log file consists of redo records. A redo record, also called a redo entry, holds a group of change vectors, each of which describes or represents a change made to a single block in the database.

For example, if a user UPDATEs a salary-value in a table containing employee-related data, the DBMS generates a redo record containing change-vectors that describe changes to the data segment block for the table. And if the user then COMMITs the update, Oracle generates another redo record and assigns the change a ""system change number"" (SCN).

Whenever something changes in a datafile, Oracle records the change in the redo log. The name redo log indicates its purpose: If the database crashes, the RDBMS can redo (re-process) all changes on datafiles which will take the database data back to the state it was when the last redo record was written. DBAs use the views V$LOG, V$LOGFILE, V$LOG_HISTORY and V$THREAD to find information about the redo log of the database. Each redo log file belongs to exactly one group (of which at least two must exist). Exactly one of these groups is the CURRENT group (can be queried using the column status of v$log). Oracle uses that current group to write the redo log entries. When the group is full, a log switch occurs, making another group the current one. Each log switch causes checkpoint, however, the converse is not true: a checkpoint does not cause a redo log switch. One can also manually cause a redo-log switch using the ALTER SYSTEM SWITCH LOGFILE command.",What are redo logs in Oracle RDBMS?,
brainstorming,,Give me a list of the best Dave Matthews Band songs of all time?,
open_qa,,What is dopamine?,
open_qa,,What should I consider when deciding between electric car or gas car?,
closed_qa,"The population of Puerto Rico according to the 2020 census was 3,285,874, an 11.8% decrease since the 2010 United States Census. The commonwealth's population peaked in 2000, when it was 3,808,610, before declining (for the first time in census history) to 3,725,789 in 2010. Emigration due to economic difficulties and natural disasters, coupled with a low birth rate, have caused the population decline to continue in recent years.",How much has the population of Puerto Rico been growing?,
general_qa,,What are crawfish and how do you eat them?,
closed_qa,"Politically, the organization sought better relations with the newly autonomous Central and Eastern European states, and diplomatic forums for regional cooperation between NATO and its neighbours were set up during this post-Cold War period, including the Partnership for Peace and the Mediterranean Dialogue initiative in 1994, the Euro-Atlantic Partnership Council in 1997, and the NATO–Russia Permanent Joint Council in 1998. At the 1999 Washington summit, Hungary, Poland, and the Czech Republic officially joined NATO, and the organization also issued new guidelines for membership with individualized ""Membership Action Plans"". These plans governed the addition of new alliance members: Bulgaria, Estonia, Latvia, Lithuania, Romania, Slovakia, and Slovenia in 2004, Albania and Croatia in 2009, Montenegro in 2017, and North Macedonia in 2020. The election of French President Nicolas Sarkozy in 2007 led to a major reform of France's military position, culminating with the return to full membership on 4 April 2009, which also included France rejoining the NATO Military Command Structure, while maintaining an independent nuclear deterrent.",Which countries became members of NATO between the years of 1999 and 2009?,
general_qa,,What are some of the challenges when walking with crutches?,
brainstorming,,What are some Australian beer brands that have low or no alcohol?,
closed_qa,"David Moses ben Meir Dyte (c. 1770–1830) was an English Jewish quill merchant who distinguished himself by preventing the assassination attempt on George III by James Hadfield on 15 May 1800.

Dyte was attending Colley Cibber's play She Would and She Would Not at the Theatre Royal, Drury Lane when Hadfield fired a horsepistol at the King. Dyte, seated directly behind the shooter, struck the assailant and deflected the shot. It is said that Dyte asked as his sole reward the right to sell opera tickets, then a monopoly at the royal disposal. In 1802 he was appointed 'Purveyor of Pens and Quills to the Royal Household'. The incident was immortalised in the play Jew Dyte by Harold Rubinstein.

Dyte was the father of Henry Dyte, who served as Honorary Secretary to the Blind Society; and the grandfather of D. H. Dyte, Surgeon to the Jewish Board of Guardians, and Charles Dyte, a parliamentarian in the colony of Victoria.","Given a reference text about David Moses ben Meir Dyte, tell me what he is known for.",
brainstorming,,5 Mistake to avoid in road trip,
open_qa,,What is an Oxford comma and why do editors have such strong feelings about their use?,
open_qa,,What is Depreciation,
information_extraction,"Technological advances also renewed interest in mental states and mental representations. English neuroscientist Charles Sherrington and Canadian psychologist Donald O. Hebb used experimental methods to link psychological phenomena to the structure and function of the brain. The rise of computer science, cybernetics, and artificial intelligence underlined the value of comparing information processing in humans and machines.

A popular and representative topic in this area is cognitive bias, or irrational thought. Psychologists (and economists) have classified and described a sizeable catalogue of biases which recur frequently in human thought. The availability heuristic, for example, is the tendency to overestimate the importance of something which happens to come readily to mind.

Elements of behaviorism and cognitive psychology were synthesized to form cognitive behavioral therapy, a form of psychotherapy modified from techniques developed by American psychologist Albert Ellis and American psychiatrist Aaron T. Beck.

On a broader level, cognitive science is an interdisciplinary enterprise involving cognitive psychologists, cognitive neuroscientists, linguists, and researchers in artificial intelligence, human–computer interaction, and computational neuroscience. The discipline of cognitive science covers cognitive psychology as well as philosophy of mind, computer science, and neuroscience. Computer simulations are sometimes used to model phenomena of interest.",What is CBT?,
closed_qa,"There are two subgroups of austenitic stainless steel. 300 series stainless steels achieve their austenitic structure primarily by a nickel addition while 200 series stainless steels substitute manganese and nitrogen for nickel, though there is still a small nickel content.","Given this paragraph about stainless steel, which of the two series contains the most nickel content?",
closed_qa,"Portugal's overseas presence in sub-Saharan Africa (most notably in Angola, Cape Verde, Mozambique, Guinea-Bissau, and São Tomé and Príncipe) lasted from the 16th century to 1975, after the Estado Novo regime was overthrown in a military coup in Lisbon. Rhodesia unilaterally declared independence from the United Kingdom in 1965, under the white minority government of Ian Smith, but was not internationally recognized as an independent state (as Zimbabwe) until 1980, when black nationalists gained power after a bitter guerrilla war. Although South Africa was one of the first African countries to gain independence, the state remained under the control of the country's white minority through a system of racial segregation known as apartheid until 1994.","What is apartheid, and which country experienced it?",
open_qa,,What is a group loan?,
closed_qa,"The electrolytic detector, or liquid barretter, was a type of detector (demodulator) used in early radio receivers. First used by Canadian radio researcher Reginald Fessenden in 1903, it was used until about 1913, after which it was superseded by crystal detectors and vacuum tube detectors such as the Fleming valve and Audion (triode). It was considered very sensitive and reliable compared to other detectors available at the time such as the magnetic detector and the coherer. It was one of the first rectifying detectors, able to receive AM (sound) transmissions. On December 24, 1906, US Naval ships with radio receivers equipped with Fessenden's electrolytic detectors received the first AM radio broadcast from Fessenden's Brant Rock, Massachusetts transmitter, consisting of a program of Christmas music.","Given a reference text about the electrolytic detector, when was it replaced and what replaced it?",
classification,,"Tell me whether each animal has feathers or hair: falcon, pigeon, chimpanzee, cat, cardinal, hamster, horse",
open_qa,,"Name three beaches in Pinellas County, Florida",
closed_qa,"Michael J. Flynn views the first RISC system as the IBM 801 design, begun in 1975 by John Cocke and completed in 1980. The 801 developed out of an effort to build a 24-bit high-speed processor to use as the basis for a digital telephone switch. To reach their goal of switching 1 million calls per hour (300 per second) they calculated that the CPU required performance on the order of 12 million instructions per second (MIPS), compared to their fastest mainframe machine of the time, the 370/168, which performed at 3.5 MIPS.","Given this paragraph about computers, what is the first RISC system?",
information_extraction,"The 95th Academy Awards was a ceremony held by the Academy of Motion Picture Arts and Sciences (AMPAS) on March 12, 2023, at the Dolby Theatre in Los Angeles. It honored films released in 2022.

The event was televised in the U.S. by ABC and was produced by Ricky Kirshner and Glenn Weiss. Weiss was also the director. Comedian and late-night talk show host Jimmy Kimmel hosted the show for the third time, after emceeing the 89th and 90th editions of the ceremony in 2017 and 2018, respectively.

Everything Everywhere All at Once led the ceremony with eleven nominations and seven wins, including Best Picture, Best Director and Best Original Screenplay for Daniel Kwan and Daniel Scheinert, and three of the four acting awards. Other winners included All Quiet on the Western Front with four awards, The Whale with two, and Avatar: The Way of Water, Black Panther: Wakanda Forever, Guillermo del Toro's Pinocchio, Navalny, RRR, Top Gun: Maverick, and Women Talking each with one. Short film winners included The Boy, the Mole, the Fox and the Horse, The Elephant Whisperers, and An Irish Goodbye.",Which movie won the Best Picture award at 95th Academy Awards?,
closed_qa,"The Black Sea is a marginal mediterranean sea of the Atlantic Ocean lying between Europe and Asia, east of the Balkans, south of the East European Plain, west of the Caucasus, and north of Anatolia. It is bounded by Bulgaria, Georgia, Romania, Russia, Turkey, and Ukraine. The Black Sea is supplied by major rivers, principally the Danube, Dnieper, and Don. Consequently, while six countries have a coastline on the sea, its drainage basin includes parts of 24 countries in Europe.",Where is the Black See?,
closed_qa,"Faced with increasingly frequent and severe violence, military rule was widely accepted by the population of many countries as means to maintain order, and during the 1970s and 1980s a majority of African countries were controlled by military dictatorships. Territorial disputes between nations and rebellions by groups seeking independence were also common in independent African states. The most devastating of these was the Nigerian Civil War, fought between government forces and an Igbo separatist republic, which resulted in a famine that killed 1–2 million people. Two civil wars in Sudan, the first lasting from 1955 to 1972 and the second from 1983 to 2005, collectively killed around 3 million. Both were fought primarily on ethnic and religious lines.",Why were the majority of African countries controlled by military dictatorships during the 1970's and 1980's?,
classification,,"Identify which instrument is string or woodwind: Panduri, Zurna",
brainstorming,,What are some common mushrooms used in cooking?,
open_qa,,Who is considered the G.O.A.T. in basketball?,
open_qa,,What is an API gateway?,
general_qa,,Why are sports so popular?,
open_qa,,What is Allsvenskan?,
information_extraction,"Who Killed Hannah Jane? is a 1984 Australian television film about the murder conviction of Arthur Peden directed by Peter Fisk and starring Graham Rouse, June Salter, Judi Farr, Edward Howell, and Barry Otto. It was the third of four telemovies called Verdict produced by the ABC dramatising real cases (the others being The Dean Case, The Amorous Dentist, and The Schippan Mystery)","Who is the director of ""Who Killed Hanna Jane?""",
brainstorming,,Give me a list of the venues that were used for the US Open Golf tournament through the years 1991 - 1995,
brainstorming,,What are all the possible answers from the magic 8 ball?,
information_extraction,"Type 1 diabetes (T1D), formerly known as juvenile diabetes, is an autoimmune disease that originates when cells that make insulin (beta cells) are destroyed by the immune system. Insulin is a hormone required for the cells to use blood sugar for energy and it helps regulate glucose levels in the bloodstream. Before treatment this results in high blood sugar levels in the body. The common symptoms of this elevated blood sugar are frequent urination, increased thirst, increased hunger, weight loss, and other serious complications. Additional symptoms may include blurry vision, tiredness, and slow wound healing. Symptoms typically develop over a short period of time, often a matter of weeks.",What is type 1 diabetes?,
general_qa,,Why is Alien the greatest space horror film of all time?,
closed_qa,"A degree of uncertainty surrounds the origin of the English word ""saffron"". It might stem from the 12th-century Old French term safran, which comes from the Latin word safranum, from the Arabic (زَعْفَرَان), za'farān, which comes from the Persian word zarparan meaning ""gold strung"" (implying either the golden stamens of the flower or the golden color it creates when used as flavor).","Given this paragraph about Saffron, where does this name originally come from?",
classification,,"Identify which animal species is alive or extinct: Stupendemys, Gray Whale",
open_qa,,How is the weather in India?,
open_qa,,Is it possible to visit the German Bundestag?,
classification,,"Identify which animal species is alive or extinct: Maiasaura, Sea Lions",
open_qa,,What is the difference between futures and options?,
classification,,"Tell me whether these are cats or dogs: French Bulldogs, Ragdoll, British Shorthair, Labrador, Retrievers, Golden Retrievers, German Shepherds, Maine Coon, Poodles, Bulldogs, Persian, Rottweilers, Devon Rex, Beagles.",
closed_qa,"""In metaphysics, ontology is the philosophical study of being, as well as related concepts such as existence, becoming, and reality.

Ontology addresses questions like how entities are grouped into categories and which of these entities exist on the most fundamental level. Ontologists often try to determine what the categories or highest kinds are and how they form a system of categories that encompasses the classification of all entities. Commonly proposed categories include substances, properties, relations, states of affairs, and events. These categories are characterized by fundamental ontological concepts, including particularity and universality, abstractness and concreteness, or possibility and necessity. Of special interest is the concept of ontological dependence, which determines whether the entities of a category exist on the most fundamental level. Disagreements within ontology are often about whether entities belonging to a certain category exist and, if so, how they are related to other entities.""",What is Ontology?,
information_extraction,"Meno (/ˈmiːnoʊ/; Greek: Μένων, Ménōn) is a Socratic dialogue by Plato. Meno begins the dialogue by asking Socrates whether virtue is taught, acquired by practice, or comes by nature. In order to determine whether virtue is teachable or not, Socrates tells Meno that they first need to determine what virtue is. When the characters speak of virtue, or rather arete, they refer to virtue in general, rather than particular virtues, such as justice or temperance. The first part of the work showcases Socratic dialectical style; Meno, unable to adequately define virtue, is reduced to confusion or aporia. Socrates suggests that they seek an adequate definition for virtue together. In response, Meno suggests that it is impossible to seek what one does not know, because one will be unable to determine whether one has found it.

Socrates challenges Meno's argument, often called ""Meno's Paradox"" or the ""Learner's Paradox"", by introducing the theory of knowledge as recollection (anamnesis). As presented in the dialogue, the theory proposes that souls are immortal and know all things in a disembodied state; learning in the embodied is actually a process of recollecting that which the soul knew before it came into a body. Socrates demonstrates recollection in action by posing a mathematical puzzle to one of Meno's slaves. Subsequently, Socrates and Meno return to the question of whether virtue is teachable, employing the method of hypothesis. Near the end of the dialogue, Meno poses another famous puzzle, called ""The Meno Problem"" or ""The Value Problem for Knowledge"", which questions why knowledge is valued more highly than true belief. In response, Socrates provides a famous and somewhat enigmatic distinction between knowledge and true belief.","Extract the Greek terms in the following paragraph, along with a short definition, in bullet points.",
classification,,"Classify each of the Super Bowl winners from the oldest to the most recent (first win): New England Patriots, Philadelphia Eagles, Tampa Bay Buccaneers, St Louis and NY Giants.",
summarization,"Next Generation reviewed the game, rating it three stars out of five, and stated that ""Meat Puppet is the sort of game that keeps you playing just to see what happens next, so it's probably best not to give away anything else. With better control, it would have rated a star higher, no question. As it is, the gameplay is just solid enough to let you keep coming back.""

Siew-Ching Goh for Australian newspaper The Age said ""why set your heart on a showdown when the more likely outcome is being late for the appointment? You'll still have a lot of fun, anyway, running around with Lotos.""",Show me general reviews received for game Meat Puppet using given text as a reference,
information_extraction,"The Indus Valley Civilisation (IVC), also known as the Indus Civilisation was a Bronze Age civilisation in the northwestern regions of South Asia, lasting from 3300 BCE to 1300 BCE, and in its mature form 2600 BCE to 1900 BCE. Together with ancient Egypt and Mesopotamia, it was one of three early civilisations of the Near East and South Asia, and of the three, the most widespread. Its sites spanned an area from much of Pakistan, to northeast Afghanistan, and northwestern India. The civilisation flourished both in the alluvial plain of the Indus River, which flows through the length of Pakistan, and along a system of perennial monsoon-fed rivers that once coursed in the vicinity of the Ghaggar-Hakra, a seasonal river in northwest India and eastern Pakistan.

The term Harappan is sometimes applied to the Indus civilisation after its type site Harappa, the first to be excavated early in the 20th century in what was then the Punjab province of British India and is now Punjab, Pakistan. The discovery of Harappa and soon afterwards Mohenjo-daro was the culmination of work that had begun after the founding of the Archaeological Survey of India in the British Raj in 1861. There were earlier and later cultures called Early Harappan and Late Harappan in the same area. The early Harappan cultures were populated from Neolithic cultures, the earliest and best-known of which is Mehrgarh, in Balochistan, Pakistan. Harappan civilisation is sometimes called Mature Harappan to distinguish it from the earlier cultures.

The cities of the ancient Indus were noted for their urban planning, baked brick houses, elaborate drainage systems, water supply systems, clusters of large non-residential buildings, and techniques of handicraft and metallurgy. Mohenjo-daro and Harappa very likely grew to contain between 30,000 and 60,000 individuals, and the civilisation may have contained between one and five million individuals during its florescence. A gradual drying of the region during the 3rd millennium BCE may have been the initial stimulus for its urbanisation. Eventually it also reduced the water supply enough to cause the civilisation's demise and to disperse its population to the east.

Although over a thousand Mature Harappan sites have been reported and nearly a hundred excavated, there are five major urban centres: Mohenjo-daro in the lower Indus Valley (declared a UNESCO World Heritage Site in 1980 as ""Archaeological Ruins at Moenjodaro""), Harappa in the western Punjab region, Ganeriwala in the Cholistan Desert, Dholavira in western Gujarat (declared a UNESCO World Heritage Site in 2021 as ""Dholavira: A Harappan City""), and Rakhigarhi in Haryana. The Harappan language is not directly attested, and its affiliation uncertain as the Indus script has remained undeciphered. A relationship with the Dravidian or Elamo-Dravidian language family is favoured by a section of scholars.","Reading this paragraph, tell me what language did the people of Indus Valley civilization speak?",
creative_writing,,Is Tesla's strategy sustainable in the face of increasing competition from incumbents and entrants in the fully electric vehicle market? How should they respond to the growing competitive threat?,
general_qa,,Are electric vehicles better for the environment than cars powered by fossil fuels?,
closed_qa,"The Walt Disney Company, commonly known as Disney (/ˈdɪzni/), is an American multinational, mass media and entertainment conglomerate that is headquartered at the Walt Disney Studios complex in Burbank, California. Disney was founded on October 16, 1923, by brothers Walt and Roy O. Disney as Disney Brothers Studio; it also operated under the names Walt Disney Studio and Walt Disney Productions before changing its name to The Walt Disney Company in 1986. Early in its existence, the company established itself as a leader in the animation industry, with the creation of the widely popular character Mickey Mouse, who first appeared in Steamboat Willie, which used synchronized sound, to become the first post-produced sound cartoon. The character would go on to become the company's mascot.","Given this paragraph, where is The Walt Disney Company headquarters?",
general_qa,,What is the best modern motorcycle for a beginning rider?,
information_extraction,"The NIFTY 50 is a benchmark Indian stock market index that represents the weighted average of 50 of the largest Indian companies listed on the National Stock Exchange.

Nifty 50 is owned and managed by NSE Indices (previously known as India Index Services & Products Limited), which is a wholly owned subsidiary of the NSE Strategic Investment Corporation Limited. NSE Indices had a marketing and licensing agreement with Standard & Poor's for co-branding equity indices until 2013. The Nifty 50 index was launched on 22 April 1996, and is one of the many stock indices of Nifty.

The NIFTY 50 index has shaped up to be the largest single financial product in India, with an ecosystem consisting of exchange-traded funds (onshore and offshore), and futures and options at NSE and SGX. NIFTY 50 is the world's most actively traded contract. WFE, IOM and FIA surveys endorse NSE's leadership position. Between 2008 & 2012, the NIFTY 50 index's share of NSE market fell from 65% to 29% due to the rise of sectoral indices like NIFTY Bank, NIFTY IT, NIFTY Pharma, and NIFTY Next 50.

The NIFTY 50 index covers 13 sectors of the Indian economy and offers investment managers exposure to the Indian market in one portfolio. As of January 2023, NIFTY 50 gives a weightage of 36.81% to financial services including banking, 14.70% to IT, 12.17% to oil and gas, 9.02% to consumer goods, and 5.84% to automobiles.",List the sectoral weightage allocation in Nifty 50 as mentioned in the above passage. Use the format ‘Sector Name - Percentage’ in a numbered list to depict the results and also sort the result based on highest allocation percentage to the lowest.,
open_qa,,What is a medallion architecture in data engineering?,
general_qa,,Tell me a joke,
summarization,"Ironbottom Sound, subtitled ""The Guadalcanal Campaign"", is a naval board wargame published by Quarterdeck Games in 1981 that simulates the Naval Battle of Guadalcanal during World War II. Four editions have been released by various publishers over forty years.",Is the Ironbottom Sound a boardgame,
open_qa,,"What part of history called a fervent period of European cultural, artistic, political, and economic “rebirth” following the Middle Ages?",
open_qa,,Which is the oldest civilization in the world?,
closed_qa,"Robert Toru Kiyosaki (born April 8, 1947) is an American entrepreneur, businessman and author. Kiyosaki is the founder of Rich Global LLC and the Rich Dad Company, a private financial education company that provides personal finance and business education to people through books and videos. The company's main revenues come from franchisees of the Rich Dad seminars that are conducted by independent individuals using Kiyosaki's brand name. He is also the creator of the Cashflow board and software games to educate adults and children about business and financial concepts.

Kiyosaki is the author of more than 26 books, including the international self-published personal finance Rich Dad Poor Dad series of books which has been translated into 51 languages and sold over 41 million copies worldwide. Kiyosaki is the subject of a class action suit filed by people who attended his seminars and has been the subject of two investigative documentaries by CBC Canada and WTAE USA. Kiyosaki's company, Rich Global LLC, filed for bankruptcy in 2012.","Given this paragraph, explain who Robert Kiyosaki is?",
brainstorming,,What are some passwords I should not be using?,
information_extraction,"Apache Spark has its architectural foundation in the resilient distributed dataset (RDD), a read-only multiset of data items distributed over a cluster of machines, that is maintained in a fault-tolerant way. The Dataframe API was released as an abstraction on top of the RDD, followed by the Dataset API. In Spark 1.x, the RDD was the primary application programming interface (API), but as of Spark 2.x use of the Dataset API is encouraged even though the RDD API is not deprecated. The RDD technology still underlies the Dataset API.",Extract from the text the method encouraged to use in Apache Spark.,
information_extraction,"Oganesson is a synthetic chemical element with the symbol Og and atomic number 118. It was first synthesized in 2002 at the Joint Institute for Nuclear Research (JINR) in Dubna, near Moscow, Russia, by a joint team of Russian and American scientists. In December 2015, it was recognized as one of four new elements by the Joint Working Party of the international scientific bodies IUPAC and IUPAP. It was formally named on 28 November 2016. The name honors the nuclear physicist Yuri Oganessian, who played a leading role in the discovery of the heaviest elements in the periodic table. It is one of only two elements named after a person who was alive at the time of naming, the other being seaborgium, and the only element whose eponym is alive as of 2023.","Based on the passage provided, what are the only two elements in the periodic table that were names after a person who was alive at the time of naming?",
general_qa,,What is a Synchronous Concurrent Algorithm (SCA)?,
information_extraction,"Landscape Arch is a natural arch in Arches National Park, Utah, United States. It is among the longest natural rock arches in the world. The arch is among many in the Devils Garden area in the north of the park. Landscape Arch was named by Frank Beckwith who explored the area in the winter of 1933–1934 as the leader of an Arches National Monument scientific expedition. The arch can be reached by a 0.8 mi (1.3 km) graded gravel trail.",When was the Landscape Arch named and by whom?,
open_qa,,Name some TV shows that American actor David Duchovny has been in.,
open_qa,,"In the series A Song of Ice and Fire, who is the founder of House Grafton?",
brainstorming,,Tell me few brainstorming techniques,
brainstorming,,What are some of the most accessible jazz albums for someone new to jazz?,
creative_writing,,Should we get rid of social media?,
information_extraction,"A transcontinental railroad in the United States is any continuous rail line connecting a location on the U.S. Pacific coast with one or more of the railroads of the nation's eastern trunk line rail systems operating between the Missouri or Mississippi Rivers and the U.S. Atlantic coast. The first concrete plan for a transcontinental railroad in the United States was presented to Congress by Asa Whitney in 1845.

A series of transcontinental railroads built over the last third of the 19th century created a nationwide transportation network that united the country by rail. The first of these, the 3,103 km (1,928 mi) ""Pacific Railroad"", was built by the Central Pacific Railroad and Union Pacific Railroad to link the San Francisco Bay at Alameda, California, with the nation's existing eastern railroad network at Council Bluffs, Iowa/Omaha, Nebraska, thereby creating the world's first transcontinental railroad when it opened in 1869. Its construction was made possible by the US government under Pacific Railroad Acts of 1862, 1864, and 1867. Its original course was very close to current Interstate 80.",Extract the names of the companies that built the Pacific Railroad,
open_qa,,How did Caesar come to power in Rome?,
closed_qa,"Call of Duty: Modern Warfare 2 is a 2009 first-person shooter game developed by Infinity Ward and published by Activision. It is the sixth installment in the Call of Duty series and the direct sequel to Call of Duty 4: Modern Warfare. It was released worldwide on November 10, 2009, for Microsoft Windows, the PlayStation 3, and Xbox 360. A separate version for the Nintendo DS, titled Modern Warfare: Mobilized, was also released on the same day. A version for macOS was developed by Aspyr and released in May 2014, and the Xbox 360 version was made backward compatible for the Xbox One in 2018.

The game's campaign follows Task Force 141, a multi-national special forces unit commanded by Captain Soap MacTavish as they hunt Vladimir Makarov, leader of the Russian Ultranationalist party, and U.S. Army Rangers from 1st Battalion/75th Ranger Regiment who are defending the Washington, D.C. area from a Russian invasion. The game's main playable characters are Sergeant Gary ""Roach"" Sanderson, of the 141, and Private James Ramirez, of the Army Rangers, with Captain MacTavish becoming playable later in the campaign. An expansive multiplayer mode is featured in the game, with several new features and modes that were not seen in its predecessor.

Development for the game began in 2008, when it was still known as Call of Duty 6. It uses the IW 4.0 engine, an improved version of Call of Duty 4's IW 3.0. Infinity Ward was inspired by real-life conflicts when developing the campaign mode. They initially tested the multiplayer mode by playing an in-house beta version of the game. Modern Warfare 2 was officially announced in February 2009. Teasing of the game began in March, with short trailers being released for the game and, eventually, a full reveal trailer. The multiplayer mode was revealed shortly after. Two downloadable content packs were released for it post-release, each containing five new multiplayer maps, with some being remastered maps from Call of Duty 4.

Modern Warfare 2 received universal acclaim, with praise for its campaign, multiplayer, and amount of content, although it received some criticism for its short length and a lack of innovation. Within 24 hours of release, the game sold approximately 4.7 million copies in North America and the United Kingdom. As of 2013, the game had sold 22.7 million copies. In addition to its release, a comic book series based on character Simon ""Ghost"" Riley was also produced, titled Modern Warfare 2: Ghost. Despite the game's success, it was subject to some controversies, with one surrounding a playable level that had the player carry out a terror attack on an airport. A sequel, Call of Duty: Modern Warfare 3, was released in 2011 and finishes the original Modern Warfare storyline. A remaster of the game's campaign, Call of Duty: Modern Warfare 2 Campaign Remastered, was released in March 2020 on the PlayStation 4 and on Microsoft Windows and Xbox One in April 2020.","Given this text, summarize the major events in Call of Duty: Modern Warfare 2 game development and release.",
general_qa,,How do I become a pilot?,
creative_writing,,write a short essay on California wild fire,
information_extraction,"There is a combination of processes that are used to prepare semiconducting materials for ICs. One process is called thermal oxidation, which forms silicon dioxide on the surface of the silicon. This is used as a gate insulator and field oxide. Other processes are called photomasks and photolithography. This process is what creates the patterns on the circuit in the integrated circuit. Ultraviolet light is used along with a photoresist layer to create a chemical change that generates the patterns for the circuit.

The etching is the next process that is required. The part of the silicon that was not covered by the photoresist layer from the previous step can now be etched. The main process typically used today is called plasma etching. Plasma etching usually involves an etch gas pumped in a low-pressure chamber to create plasma. A common etch gas is chlorofluorocarbon, or more commonly known Freon. A high radio-frequency voltage between the cathode and anode is what creates the plasma in the chamber. The silicon wafer is located on the cathode, which causes it to be hit by the positively charged ions that are released from the plasma. The result is silicon that is etched anisotropically.

The last process is called diffusion. This is the process that gives the semiconducting material its desired semiconducting properties. It is also known as doping. The process introduces an impure atom to the system, which creates the p–n junction. To get the impure atoms embedded in the silicon wafer, the wafer is first put in a 1,100 degree Celsius chamber. The atoms are injected in and eventually diffuse with the silicon. After the process is completed and the silicon has reached room temperature, the doping process is done and the semiconducting material is ready to be used in an integrated circuit.","Based on this passage, please provide a bullet-point list of the processes used to prepare semiconducting materials for integrated circuits (ICs).",
open_qa,,What are some interesting facts about tigers?,
open_qa,,What year did the Star Wars Trilogy premier in theaters?,
general_qa,,How do you play baseball,
open_qa,,Who wrote the Great Gatsby?,
general_qa,,What is the difference between a piano and a harpsichord?,
classification,,What are the classifications of Academic Degrees?,
closed_qa,"When Kennedy died in August 2009, he was the second-most senior member of the Senate (after President pro tempore Robert Byrd of West Virginia) and the third longest-serving senator of all time, behind Byrd and Strom Thurmond of South Carolina. Later that same year, he was passed by Daniel Inouye of Hawaii. Kennedy therefore held the record as the longest-serving Democratic member of Congress to solely serve as a senator until October 2021, when he was surpassed by fellow Democrat Patrick Leahy of Vermont.","Based on this passage about Ted Kennedy, at the time of his death, who were the three longest-serving senators of all time?",
general_qa,,What is the game called Lacrosse,
open_qa,,How are rainbows formed,
brainstorming,,Give me 5 examples of why using a prime lens is better than a zoom lens for photography ?,
general_qa,,What triggers urticaria at night and why are hives and itching at their worst?,
summarization,"Burgundy wine (French: Bourgogne or vin de Bourgogne) is made in the Burgundy region of eastern France, in the valleys and slopes west of the Saône, a tributary of the Rhône. The most famous wines produced here, and those commonly referred to as ""Burgundies,"" are dry red wines made from pinot noir grapes and white wines made from chardonnay grapes.
Burgundy has a higher number of appellations d'origine contrôlée (AOCs) than any other French region, and is often seen as the most terroir-conscious of the French wine regions. The various Burgundy AOCs are classified from carefully delineated grand cru vineyards down to more non-specific regional appellations. 
There are 100 Appellations in Burgundy and these are classified into four quality categories. These are Bourgogne, village, premier cru and grand cru.",Please tell me about burgundy wine,
information_extraction,"A lawn mower (also known as a mower, grass cutter or lawnmower) is a device utilizing one or more revolving blades (or a reel) to cut a grass surface to an even height. The height of the cut grass may be fixed by the design of the mower, but generally is adjustable by the operator, typically by a single master lever, or by a lever or nut and bolt on each of the machine's wheels. The blades may be powered by manual force, with wheels mechanically connected to the cutting blades so that when the mower is pushed forward, the blades spin or the machine may have a battery-powered or plug-in electric motor. The most common self-contained power source for lawn mowers is a small (typically one cylinder) internal combustion engine. Smaller mowers often lack any form of propulsion, requiring human power to move over a surface; ""walk-behind"" mowers are self-propelled, requiring a human only to walk behind and guide them. Larger lawn mowers are usually either self-propelled ""walk-behind"" types or more often, are ""ride-on"" mowers, equipped so the operator can ride on the mower and control it. A robotic lawn mower (""lawn-mowing bot"", ""mowbot"", etc.) is designed to operate either entirely on its own or less commonly by an operator by remote control.",What is a lawn mower?,
brainstorming,,What 5-letter word spelt in all capital letters can be read the exact same upside down?,
information_extraction,"Flying trapeze refers to a trapeze act where a performer, or ""flyer,"" grabs the trapeze bar and jumps off a high platform, or pedestal board, so that gravity creates the swing. The swing's parts are the ""force out"" (sometimes called the ""cast out"") at the far end of the first swing, the beat back and the rise (also known as ""seven"") as the performer swings back above the pedestal board, and then the trick is thrown at the far end of the second swing. The performer often releases the bar and is caught by another performer, the ""catcher,"" who hangs by their knees on another trapeze, or sometimes on a cradle, which can be either stationary or also swinging. People of any size are able to execute basic trapeze maneuvers. Flying trapeze is generally done over a net, or occasionally over water. However, some smaller rigs, usually created for teaching purposes, use mats instead of a net.",What is flying trapeze?,
brainstorming,,How many U.S. President were lawyers?,
closed_qa,"""The Central Otago wine region is broken into multiple sub-regions, each with its own climate and characteristics.

Bannockburn is a small Geographical Indication on the southern banks of the Kawarau River near Cromwell and is a very warm area that was known by gold miners as """"the Heart of the Desert"""". Grapes ripen early on sandy, silty loam soils. The elevation ranges from 220 to 370 metres (720 to 1,210 ft).
Bendigo lies east of the Clutha River / Mata-Au and Lake Dunstan, with grapes planted at both medium elevation (220 metres (720 ft)) and high elevation terraces (330 to 350 metres (1,080 to 1,150 ft)). This warm area has semi arid soils at variable depths, with free draining soils at the lower levels and shallower soils at higher elevations. The Bendigo sub-region includes the vineyards at Tarras and Maori Point.
Gibbston is a tight valley enclosed by mountainous terrain. About 250 hectares of vines are planted on sloping land on the southern bank of the Kawarau River. Gibbston is the coolest and highest of the sub-regions with vineyards between 320 and 420 metres (1,050 and 1,380 ft) altitude. It is sometimes referred to as the Queenstown subregion.
Wānaka, the smallest of the sub-regions, has vineyards planted between the banks of Lake Wānaka and the town of Luggate to the east. Ranging between 290 to 320 metres (950 to 1,050 ft) above sea level, the vineyards have a similar but slightly warmer climate than those at Gibbston.
The Alexandra Basin is surrounded by the Clutha River / Mata-Au and Manuherikia River and regularly records New Zealand's hottest summer temperatures. Schist outcrops dominate the arid landscape. A wide diurnal shift moderates the high temperatures.
The Cromwell Basin contains the highest concentration of vines, in an area bounded by the Kawarau River, Lake Dunstan and the Pisa mountain range. It is a warm district characterised by semi arid, high terraces and moraines and gently sloping fans.""",What are the four major subregions in Central Otago?,
open_qa,,Who is the all time leading goal scorer in the NHL?,
general_qa,,"Please fix the typos and grammar issues in the following text and reply with the updated text:

I wuld love to go te cynema but I dont like the corrent movies.",
information_extraction,"A. M. Shastri estimates the reigns of the Sharabhapuriya rulers as follows: based on Sharabha's identification with the Sharabharaja mentioned in the 510 CE Eran inscription, he assigns Sharabha's reign to 475–500 CE (assuming a 25-year reign). Similarly, he assigns 25 years to the next two kings. Since Jayaraja's latest inscription is dated to 9th regnal year, Shastri assumes a 10-year reign for Jayaraja, and some subsequent kings.

Sharabha (Śarabha), c. 475–500 CE
Narendra, c. 500–525 CE
Prasanna, c. 525–550 CE
Jayarāja, c. 550–560 CE
Sudevarāja, c 560–570 CE
Manamatra alias Durgarāja, c. 570–580 CE
Sudevarāja, c. 570–580 CE
Pravarāja, c. 580–590 CE
Alternative dates have been proposed by other historians. For example, D. C. Sircar estimated Sharabha's reign as 465–480 CE, while V. V. Mirashi estimated it as 460–480 CE.",Who was the ruling member of the Sharabhapuriya dynasty in 575 CE?,
brainstorming,,Bob's mother had 3 children. Two of them are Mary and Hugh. What is the name of the last child?,
summarization,"Rudka [ˈrutka] is a village in the administrative district of Gmina Trzcianka, within Czarnków-Trzcianka County, Greater Poland Voivodeship, in west-central Poland. It lies approximately 8 kilometres (5 mi) south of Trzcianka, 13 km (8 mi) north-west of Czarnków, and 72 km (45 mi) north-west of the regional capital Poznań.",Where is the Rudka County,
closed_qa,"William Shakespeare (bapt. 26 April 1564 – 23 April 1616) was an English playwright, poet and actor. He is regarded as the greatest writer in the English language and the world's pre-eminent dramatist. He is often called England's national poet and the ""Bard of Avon"" (or simply ""the Bard""). His extant works, including collaborations, consist of some 39 plays, 154 sonnets, three long narrative poems, and a few other verses, some of uncertain authorship. His plays have been translated into every major living language and are performed more often than those of any other playwright. He remains arguably the most influential writer in the English language, and his works continue to be studied and reinterpreted.",Who is William Shakespeare,
classification,,"Tell me if these are cities or countries: Spain, Paris, Rome and Germany",
open_qa,,What are some of the most well-known castles in the Loire Valley in France?,
general_qa,,What is the boarding process at Southwest Airlines,
general_qa,,"You have been asked to join the School Health Advisory Council to develop a new policy that focuses on the development of a more sustainable food service. List the steps you would take to develop and implement the new policy. How would you involve staff, families, and children?",
general_qa,,Which city is the best to relocate in Texas,
closed_qa,"Mid-South Grizzlies v. NFL, 720 F.2d 772 (3d Cir. 1983), was a lawsuit filed by John F. Bassett, the owner of the World Football League's Memphis Grizzlies against the National Football League claiming that the NFL violated the antitrust laws by refusing to admit his club to their league.

The court found that the NFL had not acquired or maintained its monopoly power unlawfully and that the refusal to expand to Memphis did not contribute to its maintenance. It further elaborated that such refusal was actually procompetitive because it left the Memphis area open to rival leagues. By the time the lawsuit had settled, Bassett had gone on to found the Tampa Bay Bandits of the United States Football League, while Memphis received the Memphis Showboats of the same league. As such, the case effectively became moot. (Incidentally, the USFL would go on to file a much more famous antitrust suit against the NFL a few years later, which while successfully decided against the NFL, provided only a cursory monetary award to the USFL; ironically, Bassett was an outspoken opponent of that lawsuit.)","Given a reference text about the Mid-South Grizzlies vs NFL, what was the result of the lawsuit?",
classification,,"Identify which instrument is string or percussion: Cantaro, Gudok",
classification,,"Classify the cities based on whether they are located in Namibia or Lithuania.
Klaipėda, Oshakati, Kaunas, Windhoek, Vilnius, Rundu",
brainstorming,,What are 3 to 5 creative ways to prevent deer from walking through your yard?,
closed_qa,"Murray's performance in Sofia Coppola's Lost in Translation (2003) earned him a Golden Globe and a British Academy Film Award and an Oscar nomination for Best Actor. He has frequently collaborated with directors Ivan Reitman, Harold Ramis, Wes Anderson, Sofia Coppola, Jim Jarmusch, John McNaughton and the Farrelly brothers. He received Golden Globe nominations for his roles in Ghostbusters, Rushmore (1998), Hyde Park on Hudson (2012), St. Vincent (2014), On the Rocks (2020) and the HBO miniseries Olive Kitteridge (2014), for which he later won his second Primetime Emmy Award.",What awards did Bill Murray receive for Lost in Translation?,
general_qa,,Why is the sky blue?,
information_extraction,"Modern Egypt dates back to 1922, when it gained independence from the British Empire as a monarchy. Following the 1952 revolution, Egypt declared itself a republic, and in 1958 it merged with Syria to form the United Arab Republic, which dissolved in 1961. Throughout the second half of the 20th century, Egypt endured social and religious strife and political instability, fighting several armed conflicts with Israel in 1948, 1956, 1967 and 1973, and occupying the Gaza Strip intermittently until 1967. In 1978, Egypt signed the Camp David Accords, officially withdrawing from the Gaza Strip and recognising Israel. After the Arab Spring, which led to the 2011 Egyptian revolution and overthrow of Hosni Mubarak, the country faced a protracted period of political unrest. Egypt's current government, a semi-presidential republic led by Abdel Fattah el-Sisi since 2014, has been described by a number of watchdogs as authoritarian and responsible for perpetuating the country's poor human rights record.","find the country that had wars with Egypt, and country that formed an ally to Egypt",
general_qa,,What is the name of the dog that looks like a mop?,
brainstorming,,Brainstorm a list of things you do in the morning before leaving for work,
closed_qa,"The Cyber PHA methodology reconciles the process safety and cybersecurity approaches and allows IT, Operations and Engineering to collaborate in way that is already familiar to facility operations management and personnel. Modeled on the process safety PHA/HAZOP methodology, a cyber PHA enables cyber risks to be identified and analyzed in the same manner as any other process risk, and, because it can be conducted as a separate follow-on activity to a traditional HAZOP it can be used in both existing brownfield sites and newly constructed greenfield sites without unduly meddling with well established process safety processes.",what traditional process does Cyber PHA follow given this information?,
classification,,"Which one of these instruments are brass instruments? trombone, viola, trumpet, tuba, flute, clarinet, saxophone and piano.",
information_extraction,"Pixar has produced 26 feature films, starting with Toy Story (1995), which is the first fully computer-animated feature film; its most recent film was Lightyear (2022). The studio has also produced many short films. As of July 2019, its feature films have earned approximately $14 billion at the worldwide box office, with an average worldwide gross of $680 million per film. Toy Story 3 (2010), Finding Dory (2016), Incredibles 2 (2018), and Toy Story 4 (2019) are all among the 50 highest-grossing films of all time. Incredibles 2 is the studio's highest grossing film as well as the fourth-highest-grossing animated film of all time, with a gross of $1.2 billion; the other three also grossed over $1 billion. Moreover, 15 of Pixar's films are in the 50 highest-grossing animated films of all time.
Pixar has earned 23 Academy Awards, 10 Golden Globe Awards, and 11 Grammy Awards, along with numerous other awards and acknowledgments. Its films are frequently nominated for the Academy Award for Best Animated Feature, since its inauguration in 2001, with eleven winners being Finding Nemo (2003), The Incredibles (2004), Ratatouille (2007), WALL-E (2008), Up (2009), Toy Story 3 (2010), Brave (2012), Inside Out (2015), Coco (2017), Toy Story 4 (2019), and Soul (2020). The six nominated films that did not win are Monsters, Inc. (2001), Cars (2006), Incredibles 2 (2018), Onward (2020), Luca (2021) and Turning Red (2022). While Cars 2 (2011), Monsters University (2013), The Good Dinosaur (2015), Finding Dory (2016), Cars 3 (2017) and the aforementioned Lightyear were not nominated. In addition, Toy Story 3 and Up were nominated for the Academy Award for Best Picture.
On February 10, 2009, Pixar executives John Lasseter, Brad Bird, Pete Docter, Andrew Stanton, and Lee Unkrich were presented with the Golden Lion award for Lifetime Achievement by the Venice Film Festival. The physical award was ceremoniously handed to Lucasfilm's founder, George Lucas.",List the Pixar movies that were nominated for Academy Awards but did not win.,
closed_qa,"Since the eyes are believed to be expressive, the eyes portrayed in Maitum jars are given high regard in describing the dead. The eyes are classified to four major shapes: (1) almond, (2) ovaloid, (3) round and (4) rectangular.",Find the four eye shapes on Maitum anthropomorphic pottery and separate them with a comma,
brainstorming,,Why Interlaken is famous,
information_extraction,"Fishing tackles are the equipment used by fishers when fishing. Almost any equipment or gear used for fishing can be called a fishing tackle, although the term is most commonly associated with gear used in angling. Some examples are hooks, lines, sinkers, floats, rods, reels, baits, lures, spears, nets, gaffs, traps, waders, and tackle boxes. Fishing techniques refer to the ways the tackles are used when fishing.

Tackles that are attached to the end of a fishing line are collectively called terminal tackles. These include hooks, sinkers, floats, leader lines, swivels, split rings, and any wires, snaps, beads, spoons, blades, spinners and clevises used to attach spinner blades to fishing lures. People also tend to use dead or live bait fish as another form of bait.",What is fishing tackle?,
classification,,"Tell me whether the following European languages are in the Indo-European language family or not: Spanish, English, Basque, Finnish, Romanian, Hungarian, and Catalan.",
open_qa,,Why do we grow two sets of teeth?,
general_qa,,How many inches are in a mile?,
information_extraction,"Triceratops were herbivorous, and because of their low slung head, their primary food was probably low growing vegetation, although they may have been able to knock down taller plants with their horns, beak, and bulk. The jaws were tipped with a deep, narrow beak, believed to have been better at grasping and plucking than biting.

Triceratops teeth were arranged in groups called batteries, of 36 to 40 tooth columns in each side of each jaw, with 3 to 5 stacked teeth per column, depending on the size of the animal. This gives a range of 432 to 800 teeth, of which only a fraction were in use at any given time (Tooth replacement was continuous throughout the life of the animal). They functioned by shearing in a vertical to near-vertical orientation. The great size and numerous teeth of Triceratops suggests that they ate large volumes of fibrous plant material, with some researchers suggesting palms and cycads, and others suggesting ferns, which then grew in prairies.",What was the Triceratops diet?,
open_qa,,What are the names of the different scores you can shoot for each hole when golfing?,
general_qa,,Why does Israel offer huge discounts to Chicago Booth students' spring break trips?,
closed_qa,"The earliest references to peanut butter can be traced to Aztec and Inca civilizations, who ground roasted peanuts into a paste.[clarification needed] However, several people can be credited with the invention of modern peanut butter and the processes involved in making it.[according to whom?]

The US National Peanut Board credits three modern inventors with the earliest patents related to the production of modern peanut butter. Marcellus Gilmore Edson of Montreal, Quebec, Canada, obtained the first patent for a method of producing peanut butter from roasted peanuts using heated surfaces in 1884. Edson's cooled product had ""a consistency like that of butter, lard, or ointment"" according to his patent application which described a process of milling roasted peanuts until the peanuts reached ""a fluid or semi-fluid state"". He mixed sugar into the paste to harden its consistency.[citation needed]","From the text below about the history of peanut butter, where can the first reference be traced from?",
closed_qa,"Heat shock proteins (HSP) are a family of proteins produced by cells in response to exposure to stressful conditions. They were first described in relation to heat shock, but are now known to also be expressed during other stresses including exposure to cold, UV light and during wound healing or tissue remodeling. Many members of this group perform chaperone functions by stabilizing new proteins to ensure correct folding or by helping to refold proteins that were damaged by the cell stress. This increase in expression is transcriptionally regulated. The dramatic upregulation of the heat shock proteins is a key part of the heat shock response and is induced primarily by heat shock factor (HSF). HSPs are found in virtually all living organisms, from bacteria to humans.",What are Heat Shock proteins?,
general_qa,,Please explain why adding more indexes to a relational database is not always beneficial for speeding up workloads.,
brainstorming,,What famous surfers have died while surfing?,
brainstorming,,What are the top 5 television sitcoms of all time?,
open_qa,,Who won the 2018 NHL Stanley Cup Finals?,
open_qa,,What is Beggar's Chicken?,
open_qa,,What are the names of some great New England Patriots football players?,
open_qa,,"Which is better for you, red or green grapes?",
brainstorming,,Give me a list of the past five United Kingdom Prime Ministers,
general_qa,,What is the expense ratio for an ETF?,
brainstorming,,What Are Qualified Expenses for approved Use of 529 accounts?,
open_qa,,Name different games that can be played at a casino in Las Vegas.,
classification,,"Identify which instrument is string or woodwind: Diplica, Kontra",
closed_qa,"Kerala (English: /ˈkɛrələ/ KERR-ə-lə; Malayalam: [ke:ɾɐɭɐm] (listen)) is a state on the Malabar Coast of India. It was formed on 1 November 1956, following the passage of the States Reorganisation Act, by combining Malayalam-speaking regions of the erstwhile regions of Cochin, Malabar, South Canara, and Travancore. Spread over 38,863 km2 (15,005 sq mi), Kerala is the 21st largest Indian state by area. It is bordered by Karnataka to the north and northeast, Tamil Nadu to the east and south, and the Lakshadweep Sea to the west. With 33 million inhabitants as per the 2011 census, Kerala is the 13th-largest Indian state by population. It is divided into 14 districts with the capital being Thiruvananthapuram. Malayalam is the most widely spoken language and is also the official language of the state.",What year was Kerala formed?,
open_qa,,Is the earth flat?,
summarization,"It is an advantage for the coxswain to be light as this requires less effort for the crew to propel the boat. In many competitive events there is a minimum weight, 55 kilograms (121 lb) under World Rowing rules, set for the coxswain to prevent unfair advantage. If a coxswain is under the minimum weight allowance (underweight), they may have to carry weights in the boat such as sandbags.",What is the minimum weight of a coswain?,
information_extraction,"He was named bishop of Saint-Omer on 29 June 1775, then bishop of Carcassonne in 1778. In 1788, he became the Archbishop of Bourges. A deputy to Estates-General of 1789, on the French Revolution he emigrated to Wolfenbüttel, where he lived with the archbishop of Rheims, Talleyrand-Périgord. The 1801 Concordat between France and the Pope forced him to resign, but allowed him to return to Rabastens, where he then lived until his death.",Where did the bishop live after 1801?,
classification,,"Which of the following are weather events: rain, snow, sleet, sunshine, hail, tornadoes, hurricanes, trees, lightening, rocks?",
brainstorming,,What are five different things you could use a ruler to do?,
brainstorming,,how to express love without saying it out loud?,
closed_qa,"Hendrik ""Erik"" Dekker (born 21 August 1970) is a retired Dutch professional road racing cyclist active from 1992 until 2006. He was a member of the Rabobank cycling team from 1992 till 2006. From 2007 to 2015 he was one of Rabobank's team managers.

Cycling career
Amateur career
Dekker rode his first race at eight, and soon became successful. In 1985 he was invited to join the national selection for juniors. As an amateur, his most important results were second places at the youth world championships in Bergamo in 1987 and at the road race in the 1992 Summer Olympics. In that Olympic road race, Dekker got away at 30 km before the finish, together with Fabio Casartelli and Dainis Ozols. Dekker was outsprinted by Casartelli, but was so happy that he won a medal that he also finished with his arms in the air.

Directly after the Olympic Games, he became professional, and rode his first race a few weeks later in the Tour de l'Avenir.

Professional career
His first win as a professional was a stage of the Tour of the Basque Country of 1994, the year he rode his first Tour de France. In 1997 Dekker won the Ronde van Nederland, but a large part of 1998 was lost because of injuries.

The year 2000 was Dekker's best. He won three stages in the 2000 Tour de France, although neither a sprinter nor a favourite for the overall win, and was voted most combative cyclist. In the autumn of that year, Dekker won his first classic, the Clásica de San Sebastián.

In 2001 Dekker won the Amstel Gold Race and the UCI Road World Cup. In the 2001 Tour de France he took a stage, after having helped his teammate Marc Wauters to a stage win. At the end of the year he was named Dutch Sportsman of the year.

The years 2002 and 2003 were less successful because of injuries. He came back in 2004 in the spring classics and a victory in Paris–Tours. He had announced his retirement for the autumn of 2006, but he crashed heavily in the 2006 Tour de France and decided to stop.

Managing career
In 2007, Dekker started as team manager of the Rabobank team. At the end of the 2015 season, he left the team.",Tell me about the career of Erik Dekker,
summarization,"Impact wrenches are widely used in many industries, such as automotive repair, heavy equipment maintenance, product assembly, major construction projects, and any other instance where a high torque output is needed. For product assembly, a pulse tool is commonly used, as it features a reactionless tightening while reducing the noise levels the regular impacts suffer from. Pulse tools use oil as a medium to transfer the kinetic energy from the hammer into the anvil. This gives a smoother impulse, a slightly lower torque to weight ratio and a possibility to design a shut off mechanism that shuts the tool down when achieving the correct torque. Pulse tools are not referred to as ""impact wrenches"" as the performance and technology are not the same.",Why are pulse tools used in product assembly over impact wrenches?,
open_qa,,What is the Forever War about?,
general_qa,,What is the difference between common law and civil law?,
brainstorming,,how to use toothpaste creatively,
summarization,"Due to climate change, deserts are expanding, while heat waves and wildfires are becoming more common.Increased warming in the Arctic has contributed to melting permafrost, glacial retreat and sea ice loss. Higher temperatures are also causing more intense storms, droughts, and other weather extremes. Rapid environmental change in mountains, coral reefs, and the Arctic is forcing many species to relocate or become extinct.Even if efforts to minimise future warming are successful, some effects will continue for centuries. These include ocean heating, ocean acidification and sea level rise.
Climate change threatens people with increased flooding, extreme heat, increased food and water scarcity, more disease, and economic loss. Human migration and conflict can also be a result.",What are the main impacts to the earth as a result of climate change.,
open_qa,,What is DNA sequence assembly?,
creative_writing,,What is the best lure color when fishing for blue Marlin on the Big Island,
open_qa,,Who regulates companies in Australia?,
open_qa,,What is the difference between a putter and a driver in golf?,
open_qa,,Whats the difference between a bass guitar and a regular guitar?,
summarization,"Ritz Crackers is a brand of snack cracker introduced by Nabisco in 1934. The original style crackers are disc-shaped, lightly salted, and approximately 46 millimetres (1.8 in) in diameter.[citation needed]. Each cracker has seven perforations and a finely scalloped edge. Today, the Ritz cracker brand is owned by Mondelēz International.

A single serving of the original cracker (about 5 crackers or 15 grams) provides 330 kilojoules (79 kilocalories) of food energy, 1 gram of protein, and 4 grams of fat; the whole wheat variety provides 290 kJ (70 kcal) and 2.5 grams of fat.",Who owns Ritz Crackers?,
brainstorming,,What are easy desserts I can make at home?,
classification,,"Classify the cities based on whether they are located in Slovakia or Croatia.
Košice, Bratislava, Zagreb, Split, Petržalka, Rijeka",
information_extraction,"Spark Streaming uses Spark Core's fast scheduling capability to perform streaming analytics. It ingests data in mini-batches and performs RDD transformations on those mini-batches of data. This design enables the same set of application code written for batch analytics to be used in streaming analytics, thus facilitating easy implementation of lambda architecture. However, this convenience comes with the penalty of latency equal to the mini-batch duration. Other streaming data engines that process event by event rather than in mini-batches include Storm and the streaming component of Flink. Spark Streaming has support built-in to consume from Kafka, Flume, Twitter, ZeroMQ, Kinesis, and TCP/IP sockets.

In Spark 2.x, a separate technology based on Datasets, called Structured Streaming, that has a higher-level interface is also provided to support streaming.

Spark can be deployed in a traditional on-premises data center as well as in the cloud.","From the passage provided, extract supported consumers for Spark streaming. Separate them with a comma.",
general_qa,,"Fix spelling, grammar and factual mistakes in the text below:

Finland prime minister, Sana Marrin, has lost her battle to stay in power after her centre-left Social Democratic party (SDP) was narrowly beat into third place in a cliffhanger election by its conservative and far-right rivals.

With 99.4% of votes counted on sunday, the right-wing National Coalition party was on course to secure 20.7% of the vote, with the populist, nation-first Finns party predicted to score 20.1%. Marin’s SDP was forecast to collect 19.9%.

Marin congratulated the election winners during her concesion speech, but hailed an improvement in both her party’s vote share and its projected number of MPs. “It’s a really good achievement, even though I didn’t finish first today,” she told supporters in Helsinki.

“Democrcy has spoken, the Finnish people have casted their vote and the celebration of democracy is always a wonderful thing,” she added. “We have good reason to be hapy about this result.”",
closed_qa,"James grew up playing basketball for St. Vincent–St. Mary High School in his hometown of Akron, Ohio. He was heavily touted by the national media as a future NBA superstar. A prep-to-pro, he was selected by the Cleveland Cavaliers with the first overall pick of the 2003 NBA draft. Named the 2004 NBA Rookie of the Year, he soon established himself as one of the league's premier players, leading the Cavaliers to their first NBA Finals appearance in 2007 and winning the NBA MVP award in 2009 and 2010. After failing to win a championship with Cleveland, James left in 2010 as a free agent to join the Miami Heat; this was announced in a nationally televised special titled The Decision and is among the most controversial free agency moves in sports history.","Given this paragraph on LeBron James' early career, when did he win his first NBA MVP?",
closed_qa,"Shivaji Shivaji Bhosale (19 February 1630 – 3 April 1680), popularly known as Chhatrapati Shivaji Maharaj , was an Indian king and founder of the Maratha Empire .  Shivaraya carved out his own independent kingdom from the decaying Adilshahi of Bijapur and established the Maratha Empire. A.D. He was formally enthroned as Chhatrapati in 1674 at Raigad Fort . 

During his reign, Shivaji Maharaj had both alliances and enmity with the Mughal Empire , the Qutub Shahi of Gowalkonda , the Adil Shahi of Bijapur and the European colonial powers. Chhatrapati Shivaji Maharaj built a powerful and progressive state on the strength of a disciplined army and a well-organized administrative system. Apart from repairing the forts in the coastal and interior regions, he also built many new forts.  Shivarai established a competent and progressive civil government with disciplined administrative organizations. He revived the ancient Hindu political traditions, court conventions.

With his excellent knowledge of the terrain, amazing speed of movement and the technique of guerilla poetry , he successfully fought the mighty Mughal and Adil Shahi forces with a small force. He encouraged the use of Marathi and Sanskrit languages ​​instead of Parsi , which was the norm at that time, in governance .  In the Indian freedom struggle, nationalist leaders used Shivaji Maharaj's heroic stories to rally people and boost their morale. 


This portrait of Chhatrapati Shivaji Maharaj is from the British Museum in London . h 1680-1687
Shivaji Maharaj's legacy varied with observers and time. But nearly two centuries after his death, he began to gain more prominence with the rise of the Indian independence movement as many Indian freedom fighters considered him a proto-nationalist and Hindu hero. Shivaji Maharaj has a great influence in the social and political history of Maharashtra . Shivaji Maharaj is an integral part of the identity of the Marathi people .  Shivaji Maharaj's birthday is celebrated as Shiv Jayanti . ",When was Chhatrapati Shivaji Maharaj born?,
general_qa,,How Fast Does An Average Person Run?,
brainstorming,,What are some good Indian dishes?,
information_extraction,"The Josephine Shaw Lowell Memorial Fountain is an outdoor fountain in Bryant Park, Manhattan, New York memorializing Josephine Shaw Lowell, a social worker active in the late 19th century. The fountain was designed by architect Charles A. Platt and dedicated in 1912.",Extract the text the name of the architect who designed the Josephine Shaw Lowell Memorial Fountain,
open_qa,,Why does my dog dig in the furniture?,
classification,,"If you are traveling outside the country, categorize each of the following as either: ‘Mandatory’, ‘Good to have’, ‘Least important’. Passport, Cash of the country visiting, Power bank, Book, Pen, Laptop",
summarization,"At age 8, Nadal won an under-12 regional tennis championship at a time when he was also a promising football player. This made Toni Nadal intensify training, and it was at that time that his uncle encouraged Nadal to play left-handed for a natural advantage on the tennis court, after studying Nadal's then two-handed forehand stroke.",Why does Nadal play tennis left-handed?,
open_qa,,Name some of the bravolebrities from The Real Housewives of Dubai,
brainstorming,,Give me a list of the best movies I've never seen.,
general_qa,,If I'm strong in the gym will I be good at rock climbing?,
brainstorming,,"A 30-year-old member at your fitness center has been weight training for 4 months and claims to have made significant gains in strength. Twice a week, he performs 1 set of 12-15 repetitions using 8 weight machines. Over the last 6 weeks, he's noticed that he isn’t achieving the strength gains that he’s used to. How would you modify his training routine to optimize gains in muscular strength?",
information_extraction,"Carbonara (Italian: [karboˈnaːra]) is a Roman pasta dish made with eggs, hard cheese, cured pork and black pepper. The dish took its modern form and name in the middle of the 20th century.

The cheese is usually Pecorino Romano, Parmigiano-Reggiano, or a combination of the two. Spaghetti is the most common pasta, but fettuccine, rigatoni, linguine, or bucatini are also used. Normally guanciale or pancetta are used for the meat component, but lardons of smoked bacon are a common substitute outside Italy.",List the types of pasta that can be used to make carbonara,
classification,,"Classify each of the following as either a typical cat name or dog name: Spot, Whiskers, Mittens, Buddy, Fido, Rover, Lassie, Rex, Felix, Socks, Tiger",
open_qa,,What are some popular search engines?,
open_qa,,What was the first full-length animated movie that Disney released?,
brainstorming,,Why are so many movies and tv shows merely recycled stories from previously successful stories ?,
summarization,"Fast food restaurants often aim some of their advertising directly at the youth population. McDonald's Happy Meals, which include a toy often tied in with a newly released family film, is a significant example. Ronald McDonald, a clown advertising mascot introduced in 1963 and designed to appeal to young children, is another. In addition, in 1987 McDonald's incorporated a Play Place in their restaurants to further advertise to children, making their restaurants a more appealing environment for children. Additionally, from 1996 to 2006, Disney was an exclusive partner with McDonald's, linking their products together. They announced the end of this deal in May 2006, with some reports saying that Disney was worried about childhood obesity. Other than Disney, McDonald's has also been partnered with Nintendo since 1985, when the Nintendo Entertainment System was first introduced. In 1987, McDonald's also created a Nintendo play land in their restaurants where kids could play on Nintendo consoles while waiting for their food. During 2007, McDonald's began to provide WiFi from the Nintendo consoles; giving children the ability to play wherever they were. With also a target audience of children releasing these new films and incorporating toys, it uses the kids to reach out to their parents pockets because of their large investment.",How has McDonald's target audience changed over time?,
open_qa,,Who won the Second World War?,
information_extraction,"The One Night Trilogy, comprising three games, One Night, One Night 2: The Beyond and One Night: Full Circle, is a series of 2D tile-based overhead psychological horror games. The three games tell the story of an attempt to invade Earth by a race of supernatural shadow people and a collection of protagonists who must survive the attacks and fight against them. The origins of the creatures and their motives are detailed in the prequel, One Night 2: The Beyond, while the first and third games deal with subsequent invasion attempts and the conclusion to the conflict.",How many versions of One Night game available?,
general_qa,,With the rise of plastics in the environment are legos still a good toy for kids?,
closed_qa,"The Western Iranian languages themselves are divided into two subgroups: Southwestern Iranian languages, of which Persian is the most widely spoken, and Northwestern Iranian languages, of which Kurdish and Balochi are the most widely spoken","Given this paragraph on the Persian language, which are the 2 sub groups of the Western Iranian language?",
open_qa,,What is the difference between pursue and persuade?,
open_qa,,What is a circle?,
classification,,"Which of these would I find on a pirate ship: oars, cannons, gym shoes, air conditioning, swords, frisbee golf set",
open_qa,,Name some famous poets and their poems.,
open_qa,,Who was the first Grand Prix driver to used a safety belt in 1967,
brainstorming,,Which cities can I visit on the west coast of Australia?,
brainstorming,,What are the best ways you can achieve type 2 fun?,
open_qa,,How do airplanes land?,
open_qa,,What's the difference between the weather in California compared to New York,
general_qa,,Why does adding water to a hot pan of oil cause fire?,
classification,,"Classify each of the following as either a true statement or a false statement: 
1. Albert Einstein was a Chinese mathematician that lived in the 19th and 20th century.
2. Pigs are not mammals.
3. This question contains four statements that need classification.",
closed_qa,"The term one-child policy refers to a population planning initiative in China implemented between 1980 and 2015 to curb the country's population growth by restricting many families to a single child. That initiative was part of a much broader effort to control population growth that began in 1970 and ended in 2021, a half century program that included minimum ages at marriage and childbearing, two-child limits for many couples, minimum time intervals between births, heavy surveillance, and stiff fines for non-compliance. The program had wide-ranging social, cultural, economic, and demographic effects, although the contribution of one-child restrictions to the broader program has been the subject of controversy.",What is one-child policy?,
general_qa,,Why is it so difficult to make every free throw in basketball?,
general_qa,,What is rowing?,
closed_qa,"Charles Inglis was the second son of Dr. Alexander Inglis (a general practitioner in Worcester) and his first wife, Florence, the daughter of newspaper proprietor John Frederick Feeney. His elder brother was the historian John Alexander Inglis FRSE Their father, Alexander Inglis was born in Scotland to a respectable family – his grandfather, John Inglis, was an Admiral in the Royal Navy and had captained HMS Belliqueux at the Battle of Camperdown in 1797.

Charles Inglis was born on 31 July 1875. He was not expected to survive and was hurriedly baptised in his father's drawing room; his mother died from complications eleven days later. His family moved to Cheltenham and Inglis was schooled at Cheltenham College from 1889 to 1894. In his final year, he was elected head boy and received a scholarship to study the Mathematics Tripos at King's College, Cambridge. Inglis was 22nd wrangler[nb 1] when he received his Bachelor of Arts degree in 1897; he remained for a fourth year, achieving first class honours in Mechanical Sciences. Inglis was a keen sportsman and enjoyed long-distance running, walking, mountaineering and sailing. At Cambridge, he nearly achieved a blue for long-distance running but was forced to withdraw from a significant race because of a pulled muscle. He was also a follower of the Cambridge University Rugby Union team, watching their matches at Grange Road.

After graduation, Inglis began work as an apprentice for the civil engineering firm of John Wolfe-Barry & Partners. He worked as a draughtsman in the drawing office for several months before being placed with Alexander Gibb, who was acting as resident engineer on an extension to the Metropolitan District Railway between Whitechapel and Bow. Inglis was responsible for the design and supervision of all thirteen bridges on the route. It was during this time that he began his lifelong study of vibration and its effects on materials, particularly bridges.","Given this paragraph about Charles Inglis, give answers to the following: his father's name, his colleague's name, and his grandfather's occupation.",
creative_writing,,What bosses are there and what is their loot in Chapter four season 2 in Fortnite,
summarization,"Alison Calder (born 21 December 1969) is a Canadian poet, literary critic and educator.

Life and career
Calder was born in London, England on 21 December 1969 and grew up in Saskatoon, Saskatchewan, Canada. She studied at the University of Saskatchewan, where she earned a BA, and at the University of Western Ontario where she earned an MA and a PhD in English Literature. She was also a Distinguished Junior Scholar in Residence at the Peter Wall Institute for Advanced Studies, University of British Columbia.

In 2004, she won the RBC Bronwen Wallace Award for Emerging Writers.

She wrote a collection of essays in 2005 called History, Literature, and the Writing of the Canadian Prairies which examines literary critism.

Her debut collection of poetry was called Wolf Tree and was published in 2007. It won the 2008 Aqua Books Lansdowne Prize for Poetry and the Eileen McTavish Sykes Award for Best First Book by a Manitoba Author at the 2008 Manitoba Book Awards. It was a finalist for the Pat Lowther Memorial Award and the Gerald Lampert Memorial Award. Her second collection, In the Tiger Park, was published in 2014 and was a finalist for the Lansdowne Prize for Poetry.

She also co-wrote the chapbook Ghost Works: Improvisations in Letters and Poems, with Jeanette Lynes.

She lives in Winnipeg, Manitoba and works at the University of Manitoba where she teaches literature and creative writing. She is married to writer Warren Cariou.",Tell me about the life and career of Alison Calder,
open_qa,,What are the differences between the New York Giants and New York Jets?,
summarization,"Germany is the seventh-largest country in Europe; bordering Denmark to the north, Poland and the Czech Republic to the east, Austria to the southeast, and Switzerland to the south-southwest. France, Luxembourg and Belgium are situated to the west, with the Netherlands to the northwest. Germany is also bordered by the North Sea and, at the north-northeast, by the Baltic Sea. German territory covers 357,022 km2 (137,847 sq mi), consisting of 348,672 km2 (134,623 sq mi) of land and 8,350 km2 (3,224 sq mi) of water.

Elevation ranges from the mountains of the Alps (highest point: the Zugspitze at 2,963 metres or 9,721 feet) in the south to the shores of the North Sea (Nordsee) in the northwest and the Baltic Sea (Ostsee) in the northeast. The forested uplands of central Germany and the lowlands of northern Germany (lowest point: in the municipality Neuendorf-Sachsenbande, Wilstermarsch at 3.54 metres or 11.6 feet below sea level) are traversed by such major rivers as the Rhine, Danube and Elbe. Significant natural resources include iron ore, coal, potash, timber, lignite, uranium, copper, natural gas, salt, and nickel.",Extract a list of all countries sharing a border with Germany from this passage.,
summarization,"Consequences

The most obvious consequence of overfitting is poor performance on the validation dataset. Other negative consequences include:

A function that is overfitted is likely to request more information about each item in the validation dataset than does the optimal function; gathering this additional unneeded data can be expensive or error-prone, especially if each individual piece of information must be gathered by human observation and manual data-entry.

A more complex, overfitted function is likely to be less portable than a simple one. At one extreme, a one-variable linear regression is so portable that, if necessary, it could even be done by hand. At the other extreme are models that can be reproduced only by exactly duplicating the original modeler's entire setup, making reuse or scientific reproduction difficult.

It may be possible to reconstruct details of individual training instances from an overfitted machine learning model's training set. This may be undesirable if, for example, the training data includes sensitive personally identifiable information (PII). This phenomenon also presents problems in the area of artificial intelligence and copyright, with the developers of some generative deep learning models such as Stable Diffusion and GitHub Copilot being sued for copyright infringement because these models have been found to be capable of reproducing certain copyrighted items from their training data.",Please give me  the potential implications of overfitting described in the following text,
open_qa,,What is an amendment?,
closed_qa,"James Frederick Moriarty (May 8, 1896 – January 30, 1981) was a highly decorated officer in the United States Marine Corps with the rank of brigadier general. A veteran of World War I, he distinguished himself several times as a company officer with the 6th Machine Gun Battalion and received four awards of the Silver Star.",How many Silver Star awards did James Frederick Moriarty receive?,
creative_writing,,Write a few sentences explaining the criteria you used to choose your favorite fast food restaurant.,
classification,,"At the concert last night, identify each of these musicians as singer, drummer, guitarist, or bassist: Steve Harris, Bruce Dickinson, George Lynch, Nicko McBrain, Angus Young",
general_qa,,Why are most plans green?,
brainstorming,,"My coffee tastes too acidic, what can I do to balance it out?",
information_extraction,"He married Nita Ambani in 1985 and they have two sons, Akash and Anant, and a daughter, Isha, who is Akash's twin. They met after his father attended a dance performance which Nita took part in and thought of the idea of arranging a marriage between the two.

They live in Antilia, a private 27-storey building in Mumbai, which was valued at US$1 billion and was the most expensive private residence in the world at the time it was built. The building requires a staff of 600 for maintenance, and it includes three helipads, a 160-car garage, private movie theater, swimming pool, and fitness center.

In 2007, Ambani gifted his wife a $60 million Airbus A319 for her 44th birthday. The Airbus, which has a capacity of 180 passengers, has been custom-fitted to include a living room, bedroom, satellite television, WiFi, sky bar, Jacuzzi, and an office.

Ambani was titled ""The World's Richest Sports Team Owner"" after his purchase of the IPL cricket team Mumbai Indians for $111.9 million in 2008.

Mukesh Ambani is a strict vegetarian and teetotaler.

During the fiscal year ending 31 March 2012, he reportedly decided to forgo nearly ₹240 million from his annual pay as chief of Reliance Industries Ltd (RIL). He elected to do this even as RIL's total remuneration packages to its top management personnel increased during that fiscal year. Mukesh Ambani holds a 50.4% stake in the company. This move kept his salary capped at ₹150 million for the fourth year in a row.

In early 2019, a court in Mumbai held his younger brother, Anil Ambani, in criminal contempt for non-payment of personally guaranteed debt Reliance Communications owed to Swedish gearmaker Ericsson. Instead of jail time, the court gave Anil a month to come up with the funds. At the end of the month, Mukesh bailed out his younger brother, paying the debt. In 2021, he was the subject of a bomb scare when a green Mahindra Scorpio SUV packed with explosives was found near a Mumbai skyscraper housing Ambani.",From the passage mention the name of the kids of Nita Ambani. Display the results in comma separated format.,
closed_qa,"Mariano Sánchez Martínez (born 28 January 1978) is a Spanish former professional footballer who played as a defensive midfielder.

He appeared in 108 Segunda División games over three seasons, scoring two goals for Cartagena.

Club career
Born in San Pedro del Pinatar, Region of Murcia, Sánchez did not reach the Segunda División B until he was 26, in 2004, arriving at CD Alcoyano from amateurs AD Mar Menor-San Javier. In the following year he moved to another club at that level, FC Cartagena, helping it promote to Segunda División in his fourth season.

Sánchez made his debut in the competition on 29 August 2009 at the age of 31 years and seven months, playing the full 90 minutes in a 1–0 away win against Girona FC. He scored his first league goal on 22 May 2010 in the 3–5 home loss to Levante UD, and never appeared in less than 34 league matches during his three seasons in that tier, suffering relegation in his last and renewing his contract for a further two years in June 2012.

On 14 May 2014, the 36-year-old Sánchez announced he would retire at the end of the campaign while hoping to help his team promote, which eventually did not befell.

Personal life
Sánchez rejected an offer to play youth football for Real Murcia when he was 18, after deciding to move to Madrid to study architecture. Not being able to enter Real Madrid's youth system, he chose to retire from football.

After his playing days, Sánchez continued to work as an architect. Still as an active player, he was the figurehead behind the creation of the sports complex Pinatar Arena, in his hometown.",Who is Mariano Sánchez?,
closed_qa,"Nnedimma Nkemdili Okorafor was born in Cincinnati, Ohio, in 1974 to Igbo Nigerian parents who travelled to America in 1969 to attend school but purportedly could not return to Nigeria due to the Nigerian Civil War. Okorafor is the third child in a family of four children and grew up in Chicago, Illinois, and would often travel to Nigeria to spend her holidays with her extended family. Her first name is Igbo for ""mother is good"".",Is Nnedi Okorafor an American?,
classification,,Classify each of these mammals as either marsupial or placental,
open_qa,,What generation is the best generation?,
classification,,"Of the following list of indoor plants, classify them as either 'low light' or 'indirect bright light', ""direct bright light"". Snake plant, succulent, Monstera, ficus leaf tree, snake plant, aglaonema, jade plant, pothos, inchplant",
brainstorming,,How can I compose electronic music in 3 simple ways ?,
closed_qa,"Dartmouth Workshop 1956: the birth of AI
The Dartmouth Workshop of 1956 was organized by Marvin Minsky, John McCarthy and two senior scientists: Claude Shannon and Nathan Rochester of IBM. The proposal for the conference included this assertion: ""every aspect of learning or any other feature of intelligence can be so precisely described that a machine can be made to simulate it"". The participants included Ray Solomonoff, Oliver Selfridge, Trenchard More, Arthur Samuel, Allen Newell and Herbert A. Simon, all of whom would create important programs during the first decades of AI research. At the workshop Newell and Simon debuted the ""Logic Theorist"" and McCarthy persuaded the attendees to accept ""Artificial Intelligence"" as the name of the field. The 1956 Dartmouth workshop was the moment that AI gained its name, its mission, its first success and its major players, and is widely considered the birth of AI. The term ""Artificial Intelligence"" was chosen by McCarthy to avoid associations with cybernetics and connections with the influential cyberneticist Norbert Wiener.",When and where was the field of AI officially born?,
general_qa,,What kind of activity do good sales people do?,
general_qa,,What is the best stock to buy right now?,
classification,,"Identify which instrument is string or percussion: Erxian, Alfaia",
open_qa,,What city in the United States is known for its Mardi Gras celebrations?,
classification,,"State if the below is a haiku?
""boiling hot lava
  bubbles beneath the earths crust
erupts sparkling fire""",
general_qa,,What does #956 mean?,
closed_qa,"Independence Day (colloquially the Fourth of July) is a federal holiday in the United States commemorating the Declaration of Independence, which was ratified by the Second Continental Congress on July 4, 1776, establishing the United States of America.

The Founding Father delegates of the Second Continental Congress declared that the Thirteen Colonies were no longer subject (and subordinate) to the monarch of Britain, King George III, and were now united, free, and independent states. The Congress voted to approve independence by passing the Lee Resolution on July 2 and adopted the Declaration of Independence two days later, on July 4.

Independence Day is commonly associated with fireworks, parades, barbecues, carnivals, fairs, picnics, concerts, baseball games, family reunions, political speeches, and ceremonies, in addition to various other public and private events celebrating the history, government, and traditions of the United States. Independence Day is the national day of the United States.","Given the paragraph about Independence Day, the Thirteen Colonies were not free from which Monarch?",
information_extraction,"For the 2022 model year, the F-150 Lightning is available in four trim levels: Pro, XLT, Lariat, and Platinum. The Pro trim is only available with the smaller-capacity battery, and the Platinum only offers the higher-capacity battery, although all other trims include the smaller-capacity battery as standard equipment, but also offer the higher-capacity battery as an option.",List the trim levels available for the F-150 Lightning.  Separate them with a comma.,
brainstorming,,Give me a list of Serie A winners in the last 5 years.,
general_qa,,Should I buy a convertible?,
open_qa,,Why do dogs make great pets?,
classification,,"Identify which instrument is string or woodwind: Koto, Soprillo",
open_qa,,What is a digital camera?,
classification,,"Tell me whether each airline is American or European: British Airways, United Airlines, Southwest Airlines, Jet Blue, Easy Jet, Ryan Air",
information_extraction,"970 Park Avenue is a luxury residential housing cooperative in Manhattan, New York City.

970 was designed by the New York architectural firm of Schwartz & Gross and built by the developers Bing & Bing. It is located on Park Avenue and East 83rd Street.

The 12-story building was erected in 1912. In 1940, the bank that owned the building reconfigured the building, altering the original spacious apartments into smaller units. In 1987, it was converted to a cooperative by Martin J. Raynes; Raynes added two triplex penthouses with ""greenhouse"" studies, circular staircases and large terraces. The building stands at 132 feet (40 m) tall.",How tall is 970 Park Ave?,
creative_writing,,"Write a press release for a startup called Outcomes.ai about their product ""Luca"" which offers a new SaaS offering for the subscription economy.",
general_qa,,Why was Abraham Lincoln a great President?,
open_qa,,What medicine is inside of an EpiPen?,
summarization,"Haakon, Crown Prince of Norway (Norwegian pronunciation: [ˈhôːkʊn]; Haakon Magnus; born 20 July 1973) is the heir apparent to the Norwegian throne. He is the only son of King Harald V and Queen Sonja.

Haakon represents the fourth generation of the sitting Norwegian royal family of the House of Glücksburg. He married Mette-Marit Tjessem Høiby, with whom he has two children, Princess Ingrid Alexandra and Prince Sverre Magnus.

Haakon has been a member of the Young Global Leaders network, its Foundation, a Goodwill Ambassador for the United Nations, and a philanthropist. He is a trained naval officer and, as crown prince, a top military official in the Norwegian Armed Forces. He holds a BA in Political Science from the University of California, Berkeley, and an MSc in Development Studies from the London School of Economics. ",Give me a quick brief of the Prince of Norway,
creative_writing,,write a short poem about gratitude to my sister friends who lead Obon dancing with me every year,
open_qa,,What does the term March Madness refer to in college basketball?,
information_extraction,"Jesse LaFollette (1781 NJ-1843 Ind) was the grandfather of Robert Marion La Follette, Sr., William La Follette, and Harvey Marion LaFollette. His family lived next to the Knob Creek Farm, Kentucky owned by Thomas Lincoln during Abraham Lincoln's boyhood years. LaFollette is shown in one of the limestone panels at the Lincoln Boyhood National Memorial in Lincoln City, Indiana.",Extract the names of Jesse LaFollette's grandchildren from the provided passage,
open_qa,,Which country has the largest population?,
creative_writing,,Why should we eat organic food?,
classification,,"Arrange these weapons from oldest to newest, based on the date they were first invented.

Sword
Nuclear Bomb
Hand Axe
Gatling Gun
Rifle",
open_qa,,Why should I use EKS over ECS?,
information_extraction,"The Buddhist Uprising of 1966 (Vietnamese: Nổi dậy Phật giáo 1966), or more widely known in Vietnam as the Crisis in Central Vietnam (Vietnamese: Biến động Miền Trung), was a period of civil and military unrest in South Vietnam, largely focused in the I Corps area in the north of the country in central Vietnam. The area is a heartland of Vietnamese Buddhism, and at the time, activist Buddhist monks and civilians were at the forefront of opposition to a series of military juntas that had been ruling the nation, as well as prominently questioning the escalation of the Vietnam War.

During the rule of the Catholic Ngô Đình Diệm, the discrimination against the majority Buddhist population generated the growth of Buddhist institutions as they sought to participate in national politics and gain better treatment. In 1965, after a series of military coups that followed the fall of the Diệm regime in 1963, Air Marshal Nguyễn Cao Kỳ and General Nguyễn Văn Thiệu finally established a stable junta, holding the positions of Prime Minister and figurehead Chief of State respectively. The Kỳ-Thiệu regime was initially almost a feudal system, being more of an alliance of warlords than a state as each corps commander ruled his area as his own fiefdom, handing some of the taxes they collected over to the government in Saigon and keeping the rest for themselves. During that time, suspicion and tension continued between the Buddhist and Catholic factions in Vietnamese society.

The religious factor combined with a power struggle between Kỳ and General Nguyễn Chánh Thi, the commander of I Corps, a Buddhist local to the region and popular in the area. Thi was a strong-willed officer regarded as a capable commander, and Kỳ saw him as a threat, as did others within the junta. In February 1966, Kỳ attended a summit in Honolulu, where he became convinced that he now had American support to move against Thi, the strongest and most able of the corps commanders. In March 1966, Kỳ fired Thi and ordered him into exile in the United States under the false pretense of medical treatment. This prompted both civilians and some I Corps units to launch widespread civil protests against Kỳ's regime and halt military operations against Viet Cong. Kỳ gambled by allowing Thi to return to I Corps before departing for the US, but the arrival of the general to his native area only fuelled anti-Kỳ sentiment. The Buddhist activists, students and Thi loyalists in the military coalesced into the ""Struggle Movement"", calling for a return to civilian rule and elections. Meanwhile, Thi stayed in I Corps and did not leave; strikes and protests stopped civilian activity in the area, government radio stations were taken over and used for anti-Kỳ campaigning, and military operations ceased. Riots also spread to the capital Saigon and other cities further south.

At the start of April, Kỳ decided to move. He declared that Da Nang, the main centre in I Corps, was under communist control and publicly vowed to kill the mayor, who had expressed support for the Struggle Movement. Kỳ moved military forces into the city and travelled there to prepare for an assault, but had to withdraw and then start discussions with Buddhist leaders, as it was obvious that he was not strong enough to crush the opposition. In the meantime, he fired Thi's successor Nguyễn Văn Chuân because he wanted a firmer attempt to regain control, and appointed Tôn Thất Đính to replace him. Đính claimed to have calmed the situation, but Kỳ viewed the situation as appeasement, and on May 15, his forces drove off Đính and took over. During the previous month, American forces had also become involved in the stand-off, and the Struggle Movement viewed their participation as biased towards Kỳ, leading to some tense confrontations.

In the second half of May, Kỳ's forces began to force the issue and gradually wore down the Struggle Movement as the rebel I Corps forces were worn down, despite some American objections that his aggressive attacks had the potential to cause too much collateral damage. At one stage, Kỳ's forces ended up in a skirmish with American forces, and later, the Americans were in the middle of a stand-off between the Vietnamese factions regarding a mined bridge. As Kỳ's forces took back Da Nang and Huế in street fighting, Struggle Movement supporters saw American intervention as being pro-Kỳ, and anti-US riots resulted in some American buildings being burnt down. Kỳ's triumph ended the Buddhist movement's influence on politics and he confined their leader Thích Trí Quang to house arrest thereafter, while Thi left for the United States.","In the following text, identify the key commanders and leaders of the Buddhist Uprising of 1966, extract their roles, and place them in a bulleted list.",
general_qa,,Why do people chose to homeschool their children?,
classification,,"Identify which of the following are episodes from Season 4 or Season 5 of The X-Files: Schizogeny, Chinga, The Post-Modern Prometheus, Mind's Eye, All Souls, Herrenvolk, Unruhe, Teliko, Home, Tunguska",
classification,,"Classify each of the following as either a brand of kombucha or a soda brand: Humm, Brew Doctor, Pepsi, 7Up, Mountain Dew, Coca-Cola, Sprite, Fanta, GT's, Remedy, Health-Ade",
summarization,"Smelting is a process of applying heat to an ore, to extract a base metal. It is a form of extractive metallurgy. It is used to extract many metals from their ores, including silver, iron, copper, and other base metals. Smelting uses heat and a chemical- reducing agent to decompose the ore, driving off other elements as gases or slag and leaving the metal base behind. The reducing agent is commonly a fossil fuel source of carbon, such as coke—or, in earlier times, charcoal.The oxygen in the ore binds to carbon at high temperatures as the chemical potential energy of the bonds in carbon dioxide (CO2) is lower than the bonds in the ore.",Give me a one line summary about smelting,
open_qa,,What is an Incorporation?,
classification,,"classify each of the following strings as positive or negative: ':)', ':(', 'i love you', 'i do not like you', 'happy', 'sad'",
open_qa,,What is the difference between a guitar and bass?,
classification,,"Tell me whether each of these soccer teams are American or European: Leeds United, Seattle Sounders, Portland Timbers, Arsenal Gunners, Sporting KC, Bayern Munich",
brainstorming,,Give me a list of the best books to read for new real estate investors,
classification,,Which is a species of fish? Bombay duck or Bombay Sapphire,
summarization,"Fossil Fighters is a role-playing video game series published by Nintendo for the Nintendo DS and Nintendo 3DS consoles. Its gameplay revolves around digging up and extracting dinosaur fossils, reviving them into supernatural ""vivosaurs"" and engaging in battle.",What is fossil fighter gameplay like?,
general_qa,,How many bridges are in the Florida Keys?,
creative_writing,,Which airport should I fly if I go to San Francisco Bay Area?,
open_qa,,Which NFL teams have gone to the Super Bowl only once and won?,
open_qa,,Which player has won the most Superbowls?,
brainstorming,,What might make a good villain for a fantasy role playing game adventure.,
open_qa,,Which are the fastest animals on earth?,
classification,,"Choose the odd one out: Roger Federer, Roger Moore, Roger Binny",
general_qa,,What is the biggest fish in the ocean?,
brainstorming,,Come up with gift ideas for your girlfriend,
classification,,"Identify which animal species is alive or extinct: Black-footed Ferret, Dodo",
open_qa,,Which rock band from the 2000s is the most influential?,
general_qa,,What are the top five things to do on a weekend trip to New York City in the winter?,
information_extraction,"On December 18, 1997, Farley was found dead by his younger brother John in his apartment in the John Hancock Center in Chicago. He was 33 years old. An autopsy revealed that Farley had died of an overdose of a combination of cocaine and morphine, commonly known as a ""speedball"". Advanced atherosclerosis was cited as a ""significant contributing factor.""

A private funeral was held for Farley on December 23, 1997, at Our Lady Queen of Peace Catholic Church in his hometown of Madison, Wisconsin. Over 500 people attended his funeral, including many comedians who had worked with him on Saturday Night Live and on film, such as Dan Aykroyd, Adam Sandler, Chris Rock, Rob Schneider, Lorne Michaels, Al Franken, John Goodman, Bob Odenkirk, Tim Meadows, Robert Smigel, George Wendt and Phil Hartman. Notably absent was Farley's best friend David Spade. Spade's non-appearance fueled speculation that there was some falling out with Farley prior to his death. However, years later Spade denied any ill will between him and his comedic partner, admitting that his absence from the funeral was because he would have found it too emotionally difficult. Farley's remains were interred at Resurrection Cemetery in Madison.","Based on the autopsy, list the contributing factors to Farley's death in bullet format.",
classification,,"Which characters belong to DC or Marvel Universe? Lex Luthor, Doctor Doom",
closed_qa,"Gretel Beer was born in Vienna into a Jewish family. She was mostly raised by her aunt Olga Springer (Bechin, Bohemia 1879–1942 Maly Trostenets extermination camp) the widow of a physician (in 1937: 9th district, Porzellangasse 45), as her mother Regina Weidenfeld née Pisk died when Margaret was six years old and her father, Dionys (Duny) Weidenfeld, did not keep up a household. (At Porzellangasse, until 1938 Eric Pleskow and Ari Rath spent their childhood, as they told the Austrian broadcaster ORF in 2012.) After attending primary school at Marchegg, a small town east of Vienna near the border with Slovakia, she attended a federal Realschule at Vereinsgasse in Vienna's 2nd district, where many Jewish Viennese lived.

In the spring of 1938, after the annexation of Austria by Germany, she and 48 other pupils were forced to leave this school and attend a Jewish class elsewhere in Vienna. At the entrance hall of her school, which is now called Bundesrealgymnasium Vereinsgasse, since 1989 the names of the expelled pupils are displayed on a memorial inscription.",Where did Gretel attend primary school?,
classification,,"Which characters belong to DC or Marvel Universe? Kent Nelson, Doctor Strange",
general_qa,,"In accordance with existentialism, does life have universal meaning?",
creative_writing,,write a linkedin informal message asking to an existing company employee for tips and guidelines for the specific role in their company. It should not be direct. Also ask about there experience or journey. and how to prepare to crack the exam and interview. It should be short.,
general_qa,,What is the best way to respond to proposed edits in a contract?,
open_qa,,What is the difference between bourbon and whiskey?,
general_qa,,What do you think of chewing gums?,
open_qa,,What type of weather is San Francisco famous for?,
summarization,"Steeping, or brewing, is the process of making tea from leaves and hot water, generally using 2 grams (0.071 oz) of tea per 100 millilitres (3.5 imp fl oz; 3.4 US fl oz) of water (H2O) or about 1 teaspoon of green tea per 150 ml cup. Steeping temperatures range from 61 °C (142 °F) to 87 °C (189 °F) and steeping times from 30 seconds to three minutes.","From the given text, Provide me step by step instructions on how to prepare tea.",
general_qa,,Why does it feel so hot in Houston?,
information_extraction,"Greece, officially the Hellenic Republic, is a country in Southeast Europe. It is situated on the southern tip of the Balkan Peninsula, and is located at the crossroads of Europe, Asia, and Africa. Greece shares land borders with Albania to the northwest, North Macedonia and Bulgaria to the north, and Turkey to the northeast. The Aegean Sea lies to the east of the mainland, the Ionian Sea to the west, and the Sea of Crete and the Mediterranean Sea to the south. Greece has the longest coastline on the Mediterranean Basin, featuring thousands of islands. The country consists of nine traditional geographic regions, and has a population of approximately 10.5 million. Athens is the nation's capital and largest city, followed by Thessaloniki and Patras.

Greece is considered the cradle of Western civilization, being the birthplace of democracy, Western philosophy, Western literature, historiography, political science, major scientific and mathematical principles, theatre and the Olympic Games. From the eighth century BC, the Greeks were organised into various independent city-states, known as poleis (singular polis), which spanned the Mediterranean and the Black Sea. Philip II of Macedon united most of present-day Greece in the fourth century BC, with his son Alexander the Great rapidly conquering much of the ancient world, from the eastern Mediterranean to the North Western parts of India. The subsequent Hellenistic period saw the height of Greek culture and influence in antiquity. Greece was annexed by Rome in the second century BC, becoming an integral part of the Roman Empire and its continuation, the Byzantine Empire, which was culturally and linguistically predominantly Greek. The Greek Orthodox Church, which emerged in the first century AD, helped shape modern Greek identity and transmitted Greek traditions to the wider Orthodox world. After falling under Ottoman rule in the mid-15th century, Greece emerged as a modern nation state in 1830 following a war of independence. Over the first hundred years the kingdom of Greece sought its territorial expansion, which was mainly achieved in the early 20th century, during the Balkan Wars and up until the catastrophe of Greece's Asia Minor Campaign in 1922. The short-lived republic that followed, beset by the ramifications of civil strife, came to an end in 1936, when the imposition of a royalist dictatorship inaugurated a long period of authoritarian rule, marked by military occupation during World War II, civil war and military dictatorship. Greece achieved record economic growth from 1950 through the 1970s, allowing it to join the ranks of developed nations. Democracy was restored in 1974–75, and Greece has been a parliamentary republic ever since. The country's rich historical legacy is reflected in part by its 18 UNESCO World Heritage Sites.",List the name of the areas surrounding Greece and group by directions from the passage. List the results in comma separated format.,
summarization,"An analgesic drug, also called simply an analgesic (American English), analgaesic (British English), pain reliever, or painkiller, is any member of the group of drugs used to achieve relief from pain (that is, analgesia or pain management). Analgesics are conceptually distinct from anesthetics, which temporarily reduce, and in some instances eliminate, sensation, although analgesia and anesthesia are neurophysiologically overlapping and thus various drugs have both analgesic and anesthetic effects.","Can you please help me with a couple of points about analgesic drug, with the given text as a reference.",
information_extraction,"Jordan's individual accolades and accomplishments include six NBA Finals Most Valuable Player (MVP) awards, ten NBA scoring titles (both all-time records), five NBA MVP awards, ten All-NBA First Team designations, nine All-Defensive First Team honors, fourteen NBA All-Star Game selections, three NBA All-Star Game MVP awards, three NBA steals titles, and the 1988 NBA Defensive Player of the Year Award. He holds the NBA records for career regular season scoring average (30.12 points per game) and career playoff scoring average (33.4 points per game). In 1999, he was named the 20th century's greatest North American athlete by ESPN, and was second to Babe Ruth on the Associated Press' list of athletes of the century. Jordan was twice inducted into the Naismith Memorial Basketball Hall of Fame, once in 2009 for his individual career, and again in 2010 as part of the 1992 United States men's Olympic basketball team (""The Dream Team""). He became a member of the United States Olympic Hall of Fame in 2009, a member of the North Carolina Sports Hall of Fame in 2010, and an individual member of the FIBA Hall of Fame in 2015 and a ""Dream Team"" member in 2017. In 2021, Jordan was named to the NBA 75th Anniversary Team.",Give me 10 information extraction type questions about why Michael Jordan is the best basketball player of all time that will be used for training a large language model,
general_qa,,How does GIS help in the real estate investment industry?,
classification,,"Which of the following cities are the capital of a province of the Netherlands: Emmen, Almere, Assen, Den Helder, Enschede, Terneuzen, Lelystad, Leeuwarden, Arnhem, Groningen, Maastricht, 's-Hertogenbosch, Haarlem, Zwolle, Bussum, Alkmaar, Hilversum, The Hague, Utrecht, Amsterdam, Rotterdam, Middelburg, Amstelveen, Terneuzen",
classification,,"Identify which instrument is string or percussion: Daxophone, Kobza",
general_qa,,why is american football the most poplar sport in the US?,
general_qa,,Which country has the largest landmass?,
classification,,"Classify the names of the Prime Ministers based on whether they belong to France or Canada.
Élisabeth Borne, Bernard Cazeneuve, Justin Trudeau, Paul Martin",
open_qa,,"What is a good second language to learn beyond English, and why?",
general_qa,,Who created the first chocolate bar?,
open_qa,,Who are the best chess players of all time?,
classification,,"Identify which instrument is string or percussion: Kecer, Saz",
general_qa,,Why is the Saguaro cactus important to Arizona?,
information_extraction,"Antonio José de Sucre y Alcalá (Spanish pronunciation: [anˈtonjo xoˈse ðe ˈsukɾe j alkaˈla] (listen); 3 February 1795 – 4 June 1830), known as the ""Gran Mariscal de Ayacucho"" (English: ""Grand Marshal of Ayacucho""), was a Venezuelan independence leader who served as the president of Peru and as the second president of Bolivia. Sucre was one of Simón Bolívar's closest friends, generals and statesmen.",Who is Antonio Jose de Sucre?,
classification,,"Identify which animal is domesticated or wild: Cat, Bubal hartebeest",
general_qa,,What is a chord in guitar music?,
creative_writing,,Is Lake Tahoe a beautiful place for vacation/cabin rentals to immerse into nature?,
general_qa,,What are the types of RVs?,
general_qa,,Why do humans like cats?,
brainstorming,,List the prior presidents of Boston College,
brainstorming,,Give me a list of the best Romantic Comedy Movies,
open_qa,,What is a cookie?,
classification,,"Identify which animal species is alive or extinct: Arctotherium, Eastern Lowland Gorilla",
classification,,"Classify each of the following as either a Girl Scout cookie, an ice cream flavor from Ben & Jerry's, or a title of an episode from the TV show ""The X-Files"": The Unnatural, Phish Food, Samoas, Do-Si-Dos, Tagalongs, Post Modern Prometheus, Americone Dream, The Field Where I Died, Caramel deLites, Half Baked, Cherry Garcia, Patient X, Thin Mints, Chunky Monkey, Bad Blood",
closed_qa,"As of 2021, the power and capacity of the largest individual battery storage power plants is an order of magnitude less than that of the largest pumped storage power plants, the most common form of grid energy storage. For example, the Bath County Pumped Storage Station, the second largest in the world, can store 24GWh of electricity and dispatch 3GW while the first phase of Vistra Energy's Moss Landing Energy Storage Facility can store 1.2GWh and dispatch 300MW. Grid batteries do not however have to be large, and smaller ones can be deployed widely across a grid for greater redundancy.

As of 2019, battery power storage is cheaper than open cycle gas turbine power for use up to two hours, and there was around 365 GWh of battery storage deployed worldwide, growing extremely rapidly. Levelized cost of electricity from battery storage has fallen rapidly, halving in two years to US$150 per MWh as of 2020.","Given these paragraphs about battery storage power stations, what was the levelized cost of electricity from battery storage as of 2020?",
summarization,"Nobo is a manufacturing company in Norway. It started as NOrsk BOttefabrikk (the Norwegian Bucket Factory) in Lade, Trondheim in 1918 - the name Nobo is a contraction of the original title. The factory originally produced only buckets, but later made several sheet iron products as well. It now manufactures desks, electric wall heaters and filing cabinets. The company developed and a new factory was built in Stjordal. Nobo then produced electric heating accessories only, which it is still doing today.

In the 1990s the original Nobø factory was closed down and the area is now a housing estate of about 220 houses and flats, called Ingemann Torps Street or Nobø-tomta (Nobø-field). The area was planned by Heimdal Utbyggingsselskap and Pir II Architects.",Give me a summary about the company Nobo,
summarization,"The Premier League (legal name: The Football Association Premier League Limited) is the highest level of the English football league system. Contested by 20 clubs, it operates on a system of promotion and relegation with the English Football League (EFL). Seasons typically run from August to May with each team playing 38 matches (playing all other teams both home and away). Most games are played on Saturday and Sunday afternoons, with occasional weekday evening fixtures.",What is the Premier League?,
general_qa,,What is API abuse?,
general_qa,,Who was Henry Ford?,
classification,,"Classify the following types of cars as ""economy"" or ""luxury"": Ford, Chevrolet, Lamborghini, Ferrari, Mercedes, Honda, Lexus, Toyota, Nissan, Subaru",
open_qa,,Which author wrote the ‘Winnie-the-Pooh’ books?,
general_qa,,What is Canada known for?,
open_qa,,"What begins with the letter ""e"" and only contains one letter?",
closed_qa,"Pingala (c. 3rd/2nd century BC), a Sanskrit prosody scholar, used binary numbers in the form of short and long syllables (the latter equal in length to two short syllables), a notation similar to Morse code. Pingala used the Sanskrit word śūnya explicitly to refer to zero.

The concept of zero as a written digit in the decimal place value notation was developed in India. A symbol for zero, a large dot likely to be the precursor of the still-current hollow symbol, is used throughout the Bakhshali manuscript, a practical manual on arithmetic for merchants. In 2017, three samples from the manuscript were shown by radiocarbon dating to come from three different centuries: from AD 224–383, AD 680–779, and AD 885–993, making it South Asia's oldest recorded use of the zero symbol. It is not known how the birch bark fragments from different centuries forming the manuscript came to be packaged together.","Given this paragraph about the origin of zero, in which century did it first make an appearance in India?",
open_qa,,What is SQL?,
open_qa,,What kind of sports can I watch?,
classification,,"Classify the musical genres of the following bands: Metallica, AC/DC, Aerosmith, Madonna",
brainstorming,,Give me a list of Tour de France general Classification winners who have won more than 4 times.,
classification,,"Classify the following foods as Mexican or Italian: Burrito, Pizza, Pasta, Quesadilla, Taco, Gelato",
open_qa,,Who is the winningest college women's basketball coach?,
classification,,"Which characters belong to DC or Marvel Universe? Mr Fantastic, Plastic Man, Elongated Man",
general_qa,,What are the key components of an MLOps pipeline?,
general_qa,,Why is pickleball so popular?,
closed_qa,"Belgrandia varica was previously considered to be extinct, however it has been classified as Critically Endangered (Possibly Extinct) by IUCN because it might still be present in a small spring that has been overlooked during previous surveys.

This species is endemic to France.",Is Belgrandia varica found in Europe or Australia?,
general_qa,,How do I start running?,
classification,,"Which of the following are men scientists: Marie Curie, Elizabeth Blackwell, Jane Goodall, Rosalind Franklin, Ada Lovelace, Maria Mitchell, Archimedes, Albert Einstein, Ernest Rutherford, Alfred Nobel, Alexander Fleming, Michael Faraday, Niels Bohr, Stephen Hawking, Alan Turing.",
brainstorming,,How can a technical expert identify a business use case?,
open_qa,,What is Linux?,
summarization,"Carlos Manuel Pereira Pinto (born 3 April 1960), commonly known as Adão, is a Portuguese former footballer who played as a central midfielder.

Club career
Born in Chaves, Vila Real District, Adão started his career with hometown club G.D. Chaves, moving to the Primeira Liga in 1980 with Varzim SC. He appeared in only eight games in his first season, which ended in relegation, but helped with 27 and three goals to an immediate promotion.

In summer 1985, Adão joined Vitória de Guimarães. In his second year he played 30 matches as starter and scored twice – including once in 1–0 away win over S.C. Braga in the Minho derby – as his team finished in third position.

Adão signed with C.F. Os Belenenses for 1988–89. On 12 October 1988, in that campaign's UEFA Cup, he scored the game's only goal at home against Bayer 04 Leverkusen, as the Lisbon side ousted the title holders 2–0 on aggregate. Later in the season he also appeared in the final of the Portuguese Cup, won after beating S.L. Benfica.

Aged 30, Adão moved to F.C. Penafiel, spending his last three years (of five overall) in the second division. Over the course of 11 seasons, he amassed top-tier totals of 279 games and 16 goals.",Tell me about the football career of Adao,
open_qa,,What was the world’s first high level programming language 1957,
classification,,"Which characters belong to DC or Marvel Universe? Wasp, Bumblebee",
open_qa,,How many colors are there in a rainbow.,
information_extraction,"Long before any knowledge of electricity existed, people were aware of shocks from electric fish. Ancient Egyptian texts dating from 2750 BCE referred to these fish as the ""Thunderer of the Nile"", and described them as the ""protectors"" of all other fish. Electric fish were again reported millennia later by ancient Greek, Roman and Arabic naturalists and physicians. Several ancient writers, such as Pliny the Elder and Scribonius Largus, attested to the numbing effect of electric shocks delivered by electric catfish and electric rays, and knew that such shocks could travel along conducting objects. Patients with ailments such as gout or headache were directed to touch electric fish in the hope that the powerful jolt might cure them.
Ancient cultures around the Mediterranean knew that certain objects, such as rods of amber, could be rubbed with cat's fur to attract light objects like feathers. Thales of Miletus made a series of observations on static electricity around 600 BCE, from which he believed that friction rendered amber magnetic, in contrast to minerals such as magnetite, which needed no rubbing.
Thales was incorrect in believing the attraction was due to a magnetic effect, but later science would prove a link between magnetism and electricity. According to a controversial theory, the Parthians may have had knowledge of electroplating, based on the 1936 discovery of the Baghdad Battery, which resembles a galvanic cell, though it is uncertain whether the artifact was electrical in nature.
Electricity would remain little more than an intellectual curiosity for millennia until 1600, when the English scientist William Gilbert wrote De Magnete, in which he made a careful study of electricity and magnetism, distinguishing the lodestone effect from static electricity produced by rubbing amber. He coined the New Latin word electricus (""of amber"" or ""like amber"",, elektron, the Greek word for ""amber"") to refer to the property of attracting small objects after being rubbed. This association gave rise to the English words ""electric"" and ""electricity"", which made their first appearance in print in Thomas Browne's Pseudodoxia Epidemica of 1646.
Further work was conducted in the 17th and early 18th centuries by Otto von Guericke, Robert Boyle, Stephen Gray and C. F. du Fay. Later in the 18th century, Benjamin Franklin conducted extensive research in electricity, selling his possessions to fund his work. In June 1752 he is reputed to have attached a metal key to the bottom of a dampened kite string and flown the kite in a storm-threatened sky. A succession of sparks jumping from the key to the back of his hand showed that lightning was indeed electrical in nature. He also explained the apparently paradoxical behavior of the Leyden jar as a device for storing large amounts of electrical charge in terms of electricity consisting of both positive and negative charges
In 1775, Hugh Williamson reported a series of experiments to the Royal Society on the shocks delivered by the electric eel; that same year the surgeon and anatomist John Hunter described the structure of the fish's electric organs. In 1791, Luigi Galvani published his discovery of bioelectromagnetics, demonstrating that electricity was the medium by which neurons passed signals to the muscles. Alessandro Volta's battery, or voltaic pile, of 1800, made from alternating layers of zinc and copper, provided scientists with a more reliable source of electrical energy than the electrostatic machines previously used. The recognition of electromagnetism, the unity of electric and magnetic phenomena, is due to Hans Christian Ørsted and André-Marie Ampère in 1819–1820. Michael Faraday invented the electric motor in 1821, and Georg Ohm mathematically analysed the electrical circuit in 1827. Electricity and magnetism (and light) were definitively linked by James Clerk Maxwell, in particular in his ""On Physical Lines of Force"" in 1861 and 1862. 
While the early 19th century had seen rapid progress in electrical science, the late 19th century would see the greatest progress in electrical engineering. Through such people as Alexander Graham Bell, Ottó Bláthy, Thomas Edison, Galileo Ferraris, Oliver Heaviside, Ányos Jedlik, William Thomson, 1st Baron Kelvin, Charles Algernon Parsons, Werner von Siemens, Joseph Swan, Reginald Fessenden, Nikola Tesla and George Westinghouse, electricity turned from a scientific curiosity into an essential tool for modern life.
In 1887, Heinrich Hertz discovered that electrodes illuminated with ultraviolet light create electric sparks more easily. In 1905, Albert Einstein published a paper that explained experimental data from the photoelectric effect as being the result of light energy being carried in discrete quantized packets, energising electrons. This discovery led to the quantum revolution. Einstein was awarded the Nobel Prize in Physics in 1921 for ""his discovery of the law of the photoelectric effect"". The photoelectric effect is also employed in photocells such as can be found in solar panels.
The first solid-state device was the ""cat's-whisker detector"" first used in the 1900s in radio receivers. A whisker-like wire is placed lightly in contact with a solid crystal (such as a germanium crystal) to detect a radio signal by the contact junction effect. In a solid-state component, the current is confined to solid elements and compounds engineered specifically to switch and amplify it. Current flow can be understood in two forms: as negatively charged electrons, and as positively charged electron deficiencies called holes. These charges and holes are understood in terms of quantum physics. The building material is most often a crystalline semiconductor.
Solid-state electronics came into its own with the emergence of transistor technology. The first working transistor, a germanium-based point-contact transistor, was invented by John Bardeen and Walter Houser Brattain at Bell Labs in 1947, followed by the bipolar junction transistor in 1948.",Extract references to electric fish in ancient texts from the following passage.,
general_qa,,How should you care for grapes?,
closed_qa,"Minister for Food, Agriculture and Fisheries of Denmark (Danish: Minister for Fødevarer, Landbrug og Fiskeri) is the politically appointed head of the Danish Ministry of Food, Agriculture and Fisheries, and a member of the Cabinet. Since 19 November 2020, Rasmus Prehn, from the social democratic party Socialdemokratiet, has served as Minister for Food, Agriculture and Fisheries in the Mette Frederiksen I cabinet.

The ministry and the minister post was created in 1896; the ministry was originally named the Ministry of Agriculture. In 1929 the Directorate of Fishing was spun off into the separate Ministry of Shipping and Fishing, but that ministry was reabsorbed in 1935, and the name changed to Ministry of Agriculture and Fishing. In 1947 the Ministry of Fishing was created again, and the name changed to the Ministry of Agriculture, and this time it lasted until 1994 where it was again folded into the Ministry of Agriculture and Fishing. On 30 December 1996 the name of the ministry was changed to the current Ministry of Food, Agriculture and Fisheries, often just called the Ministry of Food.","Given a reference text about Minister for Food, Agriculture and Fisheries of Denmark, when was the position created and was was it named?",
general_qa,,What is the universe made of?,
open_qa,,When did Hawaii become a state?,
closed_qa,"Hawaiian scale is an expression of the height of a wind wave affecting water. It is the expression conventionally used by surfers in Hawaii and is also used in Australia and parts of South Africa.

The expression, always given in feet, is a scaled figure corresponding to roughly half the actual measured or estimated height of a wave's face (trough to crest height). Thus, a ""3-foot"" wave is roughly six feet high (in actuality a height of ~1.8 m), i.e., head-high to a 6-foot (~180 cm) person; a ""2-foot"" wave is roughly four feet high (height of ~1.2 m), i.e., chest-high to such a person; and a ""6- to 8-foot"" wave would be 2 to approaching 3 times head-high to such a person (height of ~3.5 to 5 m). As wave height increases, however, so does the difficulty of judging that height, and as wave height approaches 20 feet (40 ft faces or 12 m height), the range of absolute wave heights corresponding to a given scaled expression tends to widen.","Given this reference text about the Hawaiian scale, how tall is a wave that is six foot Hawaiian?",
classification,,"Identify which instrument is string or percussion: Sand blocks, Gadulka",
closed_qa,"Susan Catharine Eaton (July 9, 1957 – December 30, 2003) was an American political scientist and workers' rights activist. Eaton was an assistant professor of public policy at Harvard Kennedy School, who became a nursing home researcher at Harvard and workers' activist. She wrote about health care management, women's role in union leadership and work-family issues and gender equity in the workplace.","Based on this text, where was Susan Eaton a professor?",
open_qa,,How do archaeologist use stratigraphy?,
creative_writing,,What is the best watch in the world ?,
open_qa,,Who was awarded the Nobel Prize for Physics ?,
classification,,Which is a species of fish? Panga or Pangea,
general_qa,,What are the starting Pokemon in Pokemon Red and Blue?,
open_qa,,Where is Sugarloaf mountain located?,
open_qa,,Who played Billy the Kid in The Left Handed Gun,
classification,,"Can you tell me what of these are capital cities of their respective countries? Manchester, Madrid, Paris, Milan, London and Munich",
open_qa,,What are some tools that every homeowner should have?,
classification,,Is banana a flower or a fruit?,
classification,,"Tell me which of the following circumstances warrant calling 911: fridge runs out of food, micro kitchen runs out of slacks, someone gets hit by a car, a child is drowning in a public pool, your saving account runs out of money, someone carries assault weapons into campus.",
classification,,"Classify the cities based on whether they are located in Wallis and Futuna or Morocco.
Casablanca, El Kelaa des Srarhna, Mata-Utu, Fès, Leava",
open_qa,,What is a tornado?,
closed_qa,"House is a music genre characterized by a repetitive four-on-the-floor beat and a typical tempo of 120 beats per minute. It was created by DJs and music producers from Chicago's underground club culture in the early/mid 1980s, as DJs began altering disco songs to give them a more mechanical beat.

House was pioneered by African American DJs and producers in Chicago such as Frankie Knuckles, Ron Hardy, Jesse Saunders, Chip E., Joe Smooth, Steve ""Silk"" Hurley, Farley ""Jackmaster"" Funk, Marshall Jefferson, Phuture, and others. House music expanded to other cities such as London, then New York City and became a worldwide phenomenon.","Given the following paragraph, where did House music originate?",
open_qa,,What high school did Paul Allen and Bill Gates attend?,
brainstorming,,Give me a bulleted list of things to consider when deciding where to apply to college.,
closed_qa,"Tardigrades are the first known animal to survive after exposure to outer space. In September 2007, dehydrated tardigrades were taken into low Earth orbit on the FOTON-M3 mission carrying the BIOPAN astrobiology payload. For 10 days, groups of tardigrades, some of them previously dehydrated, some of them not, were exposed to the hard vacuum of outer space, or vacuum and solar UV radiation. Back on Earth, more than 68% of the subjects protected from solar UV radiation were reanimated within 30 minutes following rehydration, although subsequent mortality was high; many of these produced viable embryos. In contrast, hydrated samples exposed to the combined effect of vacuum and full solar UV radiation had significantly reduced survival, with only three subjects of Milnesium tardigradum surviving. Also, it was found that the space vacuum did not have a significant effect on egg-laying in either R. coronifer or M. tardigradum. However, M. tardigradum exposed to UV radiation had a lower egg laying rate. In May 2011, Italian scientists sent tardigrades on board the International Space Station along with extremophiles on STS-134, the final flight of Space Shuttle Endeavour. Their conclusion was that microgravity and cosmic radiation ""did not significantly affect survival of tardigrades in flight, and stated that tardigrades represent a useful animal for space research."" In November 2011, they were among the organisms to be sent by the U.S.-based Planetary Society on the Russian Fobos-Grunt mission's Living Interplanetary Flight Experiment to Phobos; however, the launch failed. In August 2019, scientists reported that a capsule containing tardigrades in a cryptobiotic state may have survived for a while on the Moon after the April 2019 crash landing of Beresheet, a failed Israeli lunar lander, but in May 2021 it was reported that they were unlikely to have survived the impact.",Based on this paragraph when was the last time we sent them to space?,
summarization,"Twenty20 cricket is claimed to have resulted in a more athletic and explosive form of cricket. Indian fitness coach Ramji Srinivasan declared in an interview with the Indian fitness website Takath.com that Twenty20 had ""raised the bar"" in terms of fitness levels for all players, demanding higher levels of strength, speed, agility and reaction time from all players regardless of role in the team. Matthew Hayden credited retirement from international cricket with aiding his performance in general and fitness in particular in the Indian Premier League.

In June 2009, speaking at the annual Cowdrey Lecture at Lord's, former Australian wicketkeeper Adam Gilchrist pushed for Twenty20 to be made an Olympic sport. ""It would,"" he said, ""be difficult to see a better, quicker or cheaper way of spreading the game throughout the world."" In a similar vein, several commentators have noted that the T20 format has been embraced by many Associate members of the ICC partly because it is more financially viable to play.

Former Australian captain Ricky Ponting, on the other hand, has criticized Twenty20 as being detrimental to Test cricket and for hampering batsmen's scoring skills and concentration. Former Australian captain Greg Chappell made similar complaints, fearing that young players would play too much T20 and not develop their batting skills fully, while former England player Alex Tudor feared the same for bowling skills.

Former West Indies captains Clive Lloyd, Michael Holding and Garfield Sobers criticised Twenty20 for its role in discouraging players from representing their test cricket national side, with many West Indies players like Chris Gayle, Sunil Narine and Dwayne Bravo preferring instead to play in a Twenty20 franchise elsewhere in the world and make far more money.","Using the passage, please give some critical impacts that Twenty20 format had on the game of cricket?",
open_qa,,What are the two longest rivers located in the United States?,
classification,,Who is the largest employer in the world?,
classification,,"Which characters belong to DC or Marvel Universe? She-Hulk, Wonder Woman",
information_extraction,"Former executive and Cabinet-level departments
Department of War (1789–1947), headed by the secretary of war: renamed Department of the Army by the National Security Act of 1947.
Department of the Navy (1798–1949), headed by the secretary of the Navy: became a military department within the Department of Defense.
Post Office Department (1829–1971), headed by the postmaster general: reorganized as the United States Postal Service, an independent agency.
National Military Establishment (1947–1949), headed by the secretary of Defense: created by the National Security Act of 1947 and recreated as the Department of Defense in 1949.
Department of the Army (1947–1949), headed by the secretary of the Army: became a military department within the Department of Defense.
Department of the Air Force (1947–1949), headed by the secretary of the Air Force: became a military department within the Department of Defense.",List all former departments that were formerly Cabinet-level in the United States.,
general_qa,,What is a Peloton in a bicycle race?,
brainstorming,,How to start a side hustle,
information_extraction,"The course of the sun and the moon are the most salient regularly recurring natural events useful for timekeeping, and in pre-modern societies around the world lunation and the year were most commonly used as time units. Nevertheless, the Roman calendar contained remnants of a very ancient pre-Etruscan 10-month solar year.

The first recorded physical calendars, dependent on the development of writing in the Ancient Near East, are the Bronze Age Egyptian and Sumerian calendars.

During the Vedic period India developed a sophisticated timekeeping methodology and calendars for Vedic rituals. According to Yukio Ohashi, the Vedanga calendar in ancient India was based on astronomical studies during the Vedic Period and was not derived from other cultures.

A large number of calendar systems in the Ancient Near East were based on the Babylonian calendar dating from the Iron Age, among them the calendar system of the Persian Empire, which in turn gave rise to the Zoroastrian calendar and the Hebrew calendar.[citation needed]","Extract a list of calendars mentioned and display the names in valid, well-formatted JSON",
open_qa,,What's the capital of Brazil?,
summarization,"Hamilton's first season in Formula One saw him partner two-time and defending World Champion Fernando Alonso. Hamilton is the first and, as of 2022, the only black driver to race in the series. After finishing on the podium in his debut, Hamilton went on to set several records as he finished runner-up in the 2007 World Drivers' Championship to Kimi Räikkönen by one point, including those for the most consecutive podium finishes from debut (9), the joint most wins in a debut season (4) and the most points in a debut season (109). Throughout the season, Hamilton and Alonso were involved in a number of incidents which resulted in tensions between both drivers and the team, culminating in Alonso and McLaren terminating their contract by mutual consent in November. Following a successful first season at McLaren, Hamilton signed a multi-million-pound contract to stay with the team until 2012.",Is it true that Lewis Hamilton won the championship in his first F1 season?,
brainstorming,,Is homekit's are necessary for a home?,
closed_qa,"Mariano Sánchez Martínez (born 28 January 1978) is a Spanish former professional footballer who played as a defensive midfielder.

He appeared in 108 Segunda División games over three seasons, scoring two goals for Cartagena.

Club career
Born in San Pedro del Pinatar, Region of Murcia, Sánchez did not reach the Segunda División B until he was 26, in 2004, arriving at CD Alcoyano from amateurs AD Mar Menor-San Javier. In the following year he moved to another club at that level, FC Cartagena, helping it promote to Segunda División in his fourth season.

Sánchez made his debut in the competition on 29 August 2009 at the age of 31 years and seven months, playing the full 90 minutes in a 1–0 away win against Girona FC. He scored his first league goal on 22 May 2010 in the 3–5 home loss to Levante UD, and never appeared in less than 34 league matches during his three seasons in that tier, suffering relegation in his last and renewing his contract for a further two years in June 2012.

On 14 May 2014, the 36-year-old Sánchez announced he would retire at the end of the campaign while hoping to help his team promote, which eventually did not befell.

Personal life
Sánchez rejected an offer to play youth football for Real Murcia when he was 18, after deciding to move to Madrid to study architecture. Not being able to enter Real Madrid's youth system, he chose to retire from football.

After his playing days, Sánchez continued to work as an architect. Still as an active player, he was the figurehead behind the creation of the sports complex Pinatar Arena, in his hometown.",Is he still an active football player?,
information_extraction,"Houseplants do not have an appreciable effect on the concentration of volatile organic compounds (VOCs) in normal home environments: it would require between 10 and 1000 houseplants per square meter to achieve the same level of VOC removal as occurs from passive exchange between indoor and outdoor air. 

The idea that houseplants have an appreciable effect on indoor air quality is largely based on the Clean Air Study conducted by NASA in the 1980s. The study tested plants in sealed chambers and with highly elevated levels of volatile organic compounds (specifically benzene, trichloroethylene and formaldehyde). It concluded that to the extent that houseplants improve air quality, the mechanism of action is microorganisms within the potting soil, rather than the plants themselves.

Houseplants do have a statistically significant effect on the concentrations of both carbon monoxide and carbon dioxide in normal indoor environments, reducing carbon dioxide levels by 10-25% and carbon monoxide levels by up to 90%.  The effect has been investigated by NASA for use in spacecraft.

Plants also appear to increase the number and diversity of bacteria in homes, while reducing fungal diversity. They tend to increase humidity, reduce temperature swings, and reduce noise.

There are also many claimed psychological and physiological benefits to having houseplants. A critical review of the experimental literature concluded ""The reviewed studies suggest that indoor plants can provide psychological benefits such as stress-reduction and increased pain tolerance. However, they also showed substantial heterogeneity in methods and results. We therefore have strong reservations about general claims that indoor plants cause beneficial psychological changes. It appears that benefits are contingent on features of the context in which the indoor plants are encountered and on characteristics of the people encountering them.""",What the the effects of houseplants?,
classification,,"Which characters belong to DC or Marvel Universe? Harvey Dent, Wilson Fisk",
creative_writing,,write a poem about the holidays,
information_extraction,"Martin Luther King Jr. (born Michael King Jr.; January 15, 1929 – April 4, 1968) was an American Baptist minister and activist who was one of the most prominent leaders in the civil rights movement from 1955 until his assassination in 1968. A Black church leader and a son of early civil rights activist and minister Martin Luther King Sr., King advanced civil rights for people of color in the United States through nonviolence and civil disobedience. Inspired by his Christian beliefs and the nonviolent activism of Mahatma Gandhi, he led targeted, nonviolent resistance against Jim Crow laws and other forms of discrimination in the United States.",Who is MLK Jr.?,
closed_qa,"Racial categories have historically been used as a way to enable an oppressive figure or group to discriminate against other groups or individuals which were seen as different from that of the oppressor. In nineteenth and early twentieth century Europe, artwork was a common form of racialization which targeted countries in the Middle East and Asia. The artwork, predominantly paintings, were portrayed in order to instill prejudice in the Western populations through sexualizing and manipulating images. One of the most prominent examples of Orientalist work in art is a piece by Eugène Delacroix titled Women of Algiers in their Apartment. Dating back to 1834, it portrays three women resting in a harem in exotic clothing while an African woman is dressed in plain clothing, depicting her role as a servant. Fine textiles, hookahs, and other paraphernalia adorn the room, which represents a European fantasy of an exotic scene. Attempts to portray these cultures as strange, foreign and exotic through Orientalism led to intolerance towards the Arab and Asian communities in Europe and the United States. Others argue that Delacroix, who travelled in North Africa sketching extensively, was depicting a realistic scene of the era based on his first-hand knowledge and experience. In such an interpretation the clothing, for example, is consistent with the times, as Arab North Africans dressed differently from Europeans, and kept black slaves who would not have been treated as equals.",How was art used for manipulative purpose in racial discuss in the 20th century?,
open_qa,,What is the difference between racquetball and tennis?,
general_qa,,What's the capital city of Czechoslovakia?,
general_qa,,"Q: Am I eligible for a booster dose of a COVID-19 vaccine, and if so, which one?",
classification,,"Identify which instrument is string or woodwind: Zither, Khlui",
brainstorming,,Think up some ways to pass the time on a long airplane flight.,
classification,,What is genomics?,
general_qa,,Can I copy my Delta Lake table to another location?,
information_extraction,"In the most generic context, a Samhita may refer to any methodical collection of text or verses: Any shastra, sutra, or Sanskrit Epic, along with Vedic texts, might be referred to as a Samhita.Samhita, however, in contemporary literature typically implies the earliest, archaic part of the Vedas. These contain mantras – sacred sounds with or without literal meaning, as well as panegyrics, prayers, litanies and benedictions petitioning nature or Vedic deities. Vedic Samhita refer to mathematically precise metrical archaic text of each of the Vedas (Rigveda, Yajurveda, Samaveda and Atharvaveda).The Vedas have been divided into four styles of texts – the Samhitas (mantras and benedictions), the Brahmanas (text on rituals, ceremonies, sacrifices and symbolic-sacrifices), the Aranyakas (commentaries on rituals, ceremonies and sacrifices), and the Upanishads (text discussing meditation, philosophy and spiritual knowledge). The Samhitas are sometimes identified as karma-khanda (कर्म खण्ड, action / ritual-related section), while the Upanishads are identified as jnana-khanda (ज्ञान खण्ड, knowledge / spirituality-related section). The Aranyakas and Brahmanas are variously classified, sometimes as the ceremonial karma-khanda, other times (or parts of them) as the jnana-khanda.The Vedic Samhitas were chanted during ceremonies and rituals, and parts of it remain the oldest living part of Hindu tradition.A collective study of Vedas and later text suggests that the compendium of Samhitas and associated Vedic texts were far larger than currently available. However, most have been lost at some point or over a period of Indian history.",As per the passage what are the four names of the Vedas?,
closed_qa,"Anoop Nautiyal is a social activist based in Dehradun, Uttarakhand. His work has focused on issues of environment and sustainable development of the state. He is the founder of Social Development Communities Foundation, an NGO and think tank based in Dehradun, which works works at the grassroots level for the empowerment of communities, as well as the sustainable development of the mountain state of Uttarakhand. He is a prolific social communicator and has also been a columnist for the Indian Express.

He had a brief foray in the political space and contested the 2017 Uttarakhand Legislative Assembly election.

Anoop Nautiyal attended Shri Ram College of Commerce and National Institute of Fashion Technology in New Delhi.[1","Given a reference text about Anoop Nautiyal, what did his work focus on?",
closed_qa,"Silvio Berlusconi (/ˌbɛərlʊˈskoʊni/ BAIR-luu-SKOH-nee; Italian: [ˈsilvjo berluˈskoːni] (listen); born 29 September 1936) is an Italian media tycoon and politician who served as Prime Minister of Italy in four governments from 1994 to 1995, 2001 to 2006 and 2008 to 2011. He was a member of the Chamber of Deputies from 1994 to 2013, and has served as a member of the Senate of the Republic since 2022, and previously from March to November 2013, and as a Member of the European Parliament (MEP) since 2019, and previously from 1999 to 2001.

Berlusconi is the controlling shareholder of Mediaset and owned the Italian football club A.C. Milan from 1986 to 2017. He is nicknamed Il Cavaliere (The Knight) for his Order of Merit for Labour. 
The Order of Merit for Labour (Italian: Ordine al Merito del Lavoro) is an Italian order of chivalry that was founded in 1923 by King Vittorio Emanuele III. It is awarded to those ""who have been singularly meritorious"" in agriculture, industry and commerce, crafts, lending and insurance. It is a continuation of the earlier Ordine al Merito Agrario, Industriale e Commerciale founded in 1901. Members of the order may use the title Cavaliere del lavoro.

He voluntarily resigned from this order in March 2014. In 2018, Forbes ranked him as the 190th richest man in the world with a net worth of US$8 billion. In 2009, Forbes ranked him 12th in the list of the World's Most Powerful People due to his domination of Italian politics throughout more than twenty years at the head of the centre-right coalition.

Berlusconi was Prime Minister for nine years in total, making him the longest serving post-war Prime Minister of Italy, and the third longest-serving since Italian unification, after Benito Mussolini and Giovanni Giolitti. He was the leader of the centre-right party Forza Italia from 1994 to 2009, and its successor party The People of Freedom from 2009 to 2013. Since November 2013, he has led a revived Forza Italia. Berlusconi was the senior G8 leader from 2009 until 2011, and he currently holds the record for hosting G8 summits (having hosted three summits in Italy). After serving nearly 19 years as a member of the Chamber of Deputies, the country's lower house, he became a member of the Senate following the 2013 Italian general election.","Tell me when Silvio Berlusconi was born, how long has he been Prime Minister in Italy and what his nickname is",
information_extraction,"There has been much speculation over the functions of Triceratops' head adornments. The two main theories have revolved around use in combat and in courtship display, with the latter now thought to be the most likely primary function.

Early on, Lull postulated that the frills may have served as anchor points for the jaw muscles to aid chewing by allowing increased size and thus power for the muscles. This has been put forward by other authors over the years, but later studies do not find evidence of large muscle attachments on the frill bones.

Triceratops were long thought to have used their horns and frills in combat with predators such as Tyrannosaurus, the idea being discussed first by Charles H. Sternberg in 1917 and 70 years later by Robert Bakker. There is evidence that Tyrannosaurus did have aggressive head-on encounters with Triceratops, based on partially healed tyrannosaur tooth marks on a Triceratops brow horn and squamosal; the bitten horn is also broken, with new bone growth after the break. Which animal was the aggressor is not known. Paleontologist Peter Dodson estimates that in a battle against a bull Triceratops, the Triceratops had the upper hand and would successfully defend itself by inflicting fatal wounds to the Tyrannosaurus using its sharp horns. Tyrannosaurus is also known to have fed on Triceratops, as shown by a heavily tooth-scored Triceratops ilium and sacrum.",What did the Triceratops use their horns for?,
open_qa,,How many cents do I have if I have 3 dimes?,
classification,,"Classify the following countries by area as large, medium, small: russia, china, switzerland, egypt, indonesia, argentina, netherlands, south africa, iran, san marino, togo, canada",
closed_qa,"The Pareto principle states that for many outcomes, roughly 80% of consequences come from 20% of causes (the ""vital few""). Other names for this principle are the 80/20 rule, the law of the vital few, or the principle of factor sparsity.",What is the Pareto principle?,
summarization,"Haugsholmen Lighthouse (Norwegian: Haugsholmen fyr) is a coastal lighthouse located in the municipality of Sande in Møre og Romsdal county, Norway. It is located on the tiny island of Vestre Frekøy, in the mouth of the Vanylvsfjorden, about 2.5 kilometres (1.6 mi) southwest of the island of Kvamsøya. It was established in 1876 and automated in 1979.

The 10-metre (33 ft) tall tower sits at an elevation of 19.7 metres (65 ft) above sea level. The light emits white, red or green light, depending on direction, occulting twice every 10 seconds. The red cylindrical tower with lantern and gallery is attached to one corner of a 2+1⁄2-story white keeper's house.",What color of light does the Haugsholmen Lighthouse emit?,
brainstorming,,"I am getting married, give me the list of the main tasks I need to do to organise the event.",
open_qa,,How do you care for a dog?,
classification,,Tell me whether or not these foods are on EWG's dirty dozen list,
general_qa,,How do I see how large a dataset is in Spark?,
open_qa,,What is Ethereum?,
classification,,"Of the following Quentin Tarantino films, which did he just write and direct, and which did he write, direct, and produce?

Reservoir Dogs
Pulp Fiction
Jackie Brown
Kill Bill: Volume 1
Kill Bill: Volume 2
Grindhouse: Death Proof
Inglourious Basterds
Django Unchained
The Hateful Eight
Once Upon a Time in Hollywood",
brainstorming,,I need some ideas for a first date.,
open_qa,,Which swimming stroke is the hardest?,
open_qa,,When was Belgium founded?,
general_qa,,"What should I do if I disagree with a friend, co-worker or family member on something I feel passionate about, such as politics?",
open_qa,,Who won the masters in golf in 2019?,
general_qa,,What is my Chinese Zodiac sign (animal)?,
summarization,"Solar power plants derive their energy from sunlight, which is made accessible via photovoltaics (PV's). Photovoltaic panels, or solar panels, are constructed using photovoltaic cells which are made of silica materials that release electrons when they are warmed by the thermal energy of the sun. The new flow of electrons generates electricity within the cell. While PV's are an efficient method of producing electricity, they do burn out after a decade and thus, must be replaced; however, their efficiency, cost of operation, and lack of noise/physical pollutants make them one of the cleanest and least expensive forms of energy. Solar power plants require the work of many facets of engineering; electrical engineers are especially crucial in constructing the solar panels and connecting them into a grid, and computer engineers code the cells themselves so that electricity can be effectively and efficiently produced, and civil engineers play the very important role of identifying areas where solar plants are able to collect the most energy.","Using the text provided, give me the type of engineers that are involved in fabrication of a solar power plant",
open_qa,,Who was the first woman to have four country albums reach No. 1 on the Billboard 200?,
classification,,"Classify the movies based on whether they were released in 2001 or 2002.

Albela, Lagaan, Kabhi Khushi Kabhie Gham, Hum Tumhare Hain Sanam, Devdas, Na Tum Jaano Na Hum",
open_qa,,What is ADLS in Azure?,
open_qa,,What is an acoholic?,
summarization,"Edmund Converse Peirce II (October 9, 1917 – August 8, 2003) was an American physician who was professor and director of hyperbaric medicine at the Mount Sinai School of Medicine in Manhattan, New York City from 1966 to 1991. During his career, Peirce published over 150 research articles and is notable for his well-regarded contributions to the refinement of artificial circulatory technologies including the membrane oxygenator.",Who was Edmund Converse Pierce II?,
creative_writing,,How to decide what type of dog you want to purchase or adopt?,
brainstorming,,Why boys are best over girls,
closed_qa,"Ted Lasso is an American sports comedy-drama television series developed by Jason Sudeikis, Bill Lawrence, Brendan Hunt and Joe Kelly, based on a character Sudeikis first portrayed in a series of promos for NBC Sports' coverage of England's Premier League. The show follows Ted Lasso, an American college football coach who is hired to coach an English soccer team with the secret intention that his inexperience will lead it to failure, but whose folksy, optimistic leadership proves unexpectedly successful.",Who is Ted Lasso in the eponymous TV show?,
classification,,"When giving examples of what is a verb and what is a noun, explain which of these words falls into which category. Slowly, wipe,  tidily, fully, jump, yell, sleep, talk, hopelessly.",
creative_writing,,"Write a paragraph to refute a claim by a colleague that ancient structures such as Stonehenge, the Great Pyramid are evidence of UFO activities on Earth",
open_qa,,What high school did Washington Governer Jay Inslee attend?,
classification,,"Classify the following based on the category of signals they use.
radio waves, television waves, sound waves, Computers, Digital Phones, Digital pens",
general_qa,,"Will robots ever feel and think like humans? Will these robots solve all of our problems, or will they spell the end of the human race?",
summarization,"Sachin Tendulkar is wonderful not because of his cricketing prowess; if that were the case, roughly the same degree of adoration would have been held for Rahul Dravid, who is also in the same league in terms of performance...

164 Tests, 13288 runs at 52.88 versus Sachin's 200 Tests, 15921 runs at 53.86

As you can see, there is nothing to select between the two.

Of course, Sachin has a significant advantage in one-dayers: 39 vs 44 in averages. Yet not nearly enough to deserve Sachin's adoration.",What makes Sachin Tendulkar so special?,
